take_id,label,sample_idx,ms,d7,d8,d9,d12
0,swipe_left,0,436227,2,2,2,1
0,swipe_left,1,436247,0,0,0,2
0,swipe_left,2,436267,1,0,0,1
0,swipe_left,3,436287,0,-2,-1,0
0,swipe_left,4,436307,0,0,0,0
0,swipe_left,5,436327,-2,0,0,-1
0,swipe_left,6,436347,0,1,-1,0
0,swipe_left,7,436367,1,1,2,0
0,swipe_left,8,436387,0,0,-1,-1
0,swipe_left,9,436407,-2,0,0,-1
0,swipe_left,10,436427,-2,-1,-1,-1
0,swipe_left,11,436447,0,1,-1,-1
0,swipe_left,12,443727,1,1,0,2
0,swipe_left,13,443747,2,1,-1,1
0,swipe_left,14,443767,1,-1,3,2
0,swipe_left,15,443787,0,0,0,1
0,swipe_left,16,443807,0,0,-3,0
0,swipe_left,17,443827,0,0,0,1
0,swipe_left,18,443847,0,0,0,0
0,swipe_left,19,443867,0,0,0,0
0,swipe_left,20,443887,0,-1,-1,0
0,swipe_left,21,443907,0,0,2,0
0,swipe_left,22,443927,0,0,-1,1
0,swipe_left,23,443947,0,-1,-2,-3
0,swipe_left,24,443967,0,1,0,0
0,swipe_left,25,443987,0,0,1,0
0,swipe_left,26,444007,1,0,-1,0
0,swipe_left,27,444027,-1,-2,0,-3
0,swipe_left,28,444047,1,0,-1,0
0,swipe_left,29,444067,0,0,0,-1
0,swipe_left,30,444087,-1,0,-2,-1
0,swipe_left,31,444107,2,3,2,2
0,swipe_left,32,444127,4,2,2,2
0,swipe_left,33,444147,6,2,1,1
0,swipe_left,34,444167,18,1,2,-9
0,swipe_left,35,444187,9,0,6,-8
0,swipe_left,36,444207,1,1,0,16
0,swipe_left,37,444227,1,1,4,59
0,swipe_left,38,444247,1,0,0,140
0,swipe_left,39,444267,3,1,4,4131
0,swipe_left,40,444287,5,3,6,9120
0,swipe_left,41,444307,5,2,2,17440
0,swipe_left,42,444327,3,0,10,37816
0,swipe_left,43,444347,3,1,39,72383
0,swipe_left,44,444367,3,2,59,103293
0,swipe_left,45,444387,1,-3,82,143593
0,swipe_left,46,444407,2,-2,8646,279775
0,swipe_left,47,444427,2,3,34278,120416
0,swipe_left,48,444447,2,14,90116,30179
0,swipe_left,49,444467,0,59,136318,14944
0,swipe_left,50,444487,0,652,178297,7312
0,swipe_left,51,444507,1,6781,177605,1568
0,swipe_left,52,444527,1,93769,54187,128
0,swipe_left,53,444547,1,84649,27040,-22
0,swipe_left,54,444567,0,171782,13451,-77
0,swipe_left,55,444587,1,272791,6649,-88
0,swipe_left,56,444607,1,272791,6649,-88
0,swipe_left,57,444627,4,394146,3233,-82
0,swipe_left,58,444647,601,43355,83,-43
0,swipe_left,59,444667,8966,2750,-30,-14
0,swipe_left,60,444687,25549,307,-18,-4
0,swipe_left,61,444707,43038,24,-7,-1
0,swipe_left,62,444727,51407,0,-4,-1
0,swipe_left,63,444747,64363,-4,-3,-2
1,swipe_left,0,449187,0,-2,0,-1
1,swipe_left,1,449207,-1,-1,-1,0
1,swipe_left,2,449227,1,0,-1,1
1,swipe_left,3,449247,0,-1,-1,0
1,swipe_left,4,449267,-2,-2,1,-1
1,swipe_left,5,449287,-1,1,0,2
1,swipe_left,6,449307,-1,-3,1,-1
1,swipe_left,7,449327,0,0,1,1
1,swipe_left,8,449347,-1,2,0,0
1,swipe_left,9,449367,1,1,2,-1
1,swipe_left,10,449387,0,0,-2,0
1,swipe_left,11,449407,0,0,1,1
1,swipe_left,12,452067,0,-1,0,-2
1,swipe_left,13,452087,0,2,2,2
1,swipe_left,14,452107,0,0,0,0
1,swipe_left,15,452127,0,0,1,0
1,swipe_left,16,452147,1,0,0,0
1,swipe_left,17,452167,0,0,0,2
1,swipe_left,18,452187,-1,-2,-1,-3
1,swipe_left,19,452207,0,1,0,-1
1,swipe_left,20,452227,1,0,1,1
1,swipe_left,21,452247,-1,0,0,0
1,swipe_left,22,452267,0,0,1,1
1,swipe_left,23,452287,0,0,1,1
1,swipe_left,24,452307,0,-1,-2,0
1,swipe_left,25,452327,0,2,2,1
1,swipe_left,26,452347,0,-2,-1,0
1,swipe_left,27,452367,-1,0,-1,-1
1,swipe_left,28,452387,0,0,1,1
1,swipe_left,29,452407,3,1,0,1
1,swipe_left,30,452427,17,0,2,6
1,swipe_left,31,452447,11,2,4,8
1,swipe_left,32,452467,6,4,7,28
1,swipe_left,33,452487,2,1,2,48
1,swipe_left,34,452507,2,1,5,51
1,swipe_left,35,452527,3,3,3,156
1,swipe_left,36,452547,3,-1,1,2541
1,swipe_left,37,452567,2,0,1,14140
1,swipe_left,38,452587,3,1,3,30637
1,swipe_left,39,452607,3,1,35,43833
1,swipe_left,40,452627,4,0,38,137550
1,swipe_left,41,452647,4,0,64,137550
1,swipe_left,42,452667,5,2,64,378773
1,swipe_left,43,452687,5,2,13656,378773
1,swipe_left,44,452707,5,5,13656,484398
1,swipe_left,45,452727,2,18,69087,121083
1,swipe_left,46,452747,3,97,133804,60259
1,swipe_left,47,452767,2,6622,161530,14611
1,swipe_left,48,452787,1,60578,49010,3190
1,swipe_left,49,452807,1,60578,24495,1285
1,swipe_left,50,452827,1,209463,6042,328
1,swipe_left,51,452847,18,97078,1416,-232
1,swipe_left,52,452867,8144,6064,23,-134
1,swipe_left,53,452887,29207,683,-18,-47
1,swipe_left,54,452907,49092,120,-15,-25
1,swipe_left,55,452927,66610,-6,-9,-15
1,swipe_left,56,452947,91597,-15,-5,-10
1,swipe_left,57,452967,23959,-13,-3,-4
1,swipe_left,58,452987,1667,-6,-2,1
1,swipe_left,59,453007,53,-2,0,-1
1,swipe_left,60,453027,-12,-3,-1,-1
1,swipe_left,61,453047,-13,-1,-1,0
1,swipe_left,62,453067,-9,-2,-2,-2
1,swipe_left,63,453087,-2,0,1,2
2,swipe_left,0,456747,0,1,0,1
2,swipe_left,1,456767,-1,-1,0,1
2,swipe_left,2,456787,1,2,2,-1
2,swipe_left,3,456807,0,0,1,1
2,swipe_left,4,456827,1,0,-1,1
2,swipe_left,5,456847,0,-1,1,0
2,swipe_left,6,456867,-1,-2,1,2
2,swipe_left,7,456887,-1,0,0,0
2,swipe_left,8,456907,-1,0,1,0
2,swipe_left,9,456927,-1,0,-1,0
2,swipe_left,10,456947,0,0,0,0
2,swipe_left,11,456967,1,1,0,1
2,swipe_left,12,456987,0,1,1,0
2,swipe_left,13,457007,-1,-1,0,-1
2,swipe_left,14,457027,0,0,0,0
2,swipe_left,15,457047,1,0,1,0
2,swipe_left,16,457067,2,1,0,1
2,swipe_left,17,457087,-1,0,0,1
2,swipe_left,18,457107,2,1,1,4
2,swipe_left,19,457127,1,1,3,3
2,swipe_left,20,457147,5,2,2,6
2,swipe_left,21,457167,5,2,3,50
2,swipe_left,22,457187,2,2,5,43
2,swipe_left,23,457207,2,-1,2,29
2,swipe_left,24,457227,0,-2,1,13
2,swipe_left,25,457247,0,0,1,9120
2,swipe_left,26,457267,1,0,1,19640
2,swipe_left,27,457287,2,0,3,47001
2,swipe_left,28,457307,1,1,38,83992
2,swipe_left,29,457327,0,1,33,126502
2,swipe_left,30,457347,-1,1,51,177463
2,swipe_left,31,457367,-1,0,72,252943
2,swipe_left,32,457387,-1,0,72,252943
2,swipe_left,33,457407,0,2,36415,451652
2,swipe_left,34,457427,0,10,65066,113349
2,swipe_left,35,457447,0,28,160003,56544
2,swipe_left,36,457467,-1,3250,159682,13916
2,swipe_left,37,457487,0,74317,40113,3256
2,swipe_left,38,457507,1,130558,19982,1476
2,swipe_left,39,457527,2,276589,9902,584
2,swipe_left,40,457547,10,288340,4861,140
2,swipe_left,41,457567,1356,19984,134,-70
2,swipe_left,42,457587,19585,1246,-38,-38
2,swipe_left,43,457607,41335,292,-29,-20
2,swipe_left,44,457627,54884,30,-15,-8
2,swipe_left,45,457647,61552,10,-9,-5
2,swipe_left,46,457667,84522,2,-6,-3
2,swipe_left,47,457687,63174,-6,-3,-1
2,swipe_left,48,457707,4884,-9,-2,-1
2,swipe_left,49,457727,286,-4,-1,1
2,swipe_left,50,457747,-19,-1,-2,-3
2,swipe_left,51,457767,-16,0,0,1
2,swipe_left,52,457787,-16,-2,0,1
2,swipe_left,53,457807,-8,0,1,1
2,swipe_left,54,457827,-2,0,1,0
2,swipe_left,55,457847,0,-1,1,1
2,swipe_left,56,457867,0,0,0,2
2,swipe_left,57,457887,1,1,-1,0
2,swipe_left,58,457907,1,1,1,0
2,swipe_left,59,457927,0,0,-1,0
2,swipe_left,60,457947,0,1,2,0
2,swipe_left,61,457967,-2,-1,0,-2
2,swipe_left,62,457987,0,0,-2,-1
2,swipe_left,63,458007,0,0,0,0
3,swipe_left,0,462187,0,0,0,-1
3,swipe_left,1,462207,0,0,1,0
3,swipe_left,2,462227,1,2,1,2
3,swipe_left,3,462247,-1,-1,-2,0
3,swipe_left,4,462267,1,1,1,0
3,swipe_left,5,462287,-1,-2,-1,0
3,swipe_left,6,462307,0,0,1,2
3,swipe_left,7,462327,0,0,0,0
3,swipe_left,8,462347,1,-1,0,-1
3,swipe_left,9,462367,0,-1,-1,-1
3,swipe_left,10,462387,1,0,0,1
3,swipe_left,11,462407,0,1,1,1
3,swipe_left,12,462427,0,1,1,1
3,swipe_left,13,462447,3,2,1,4
3,swipe_left,14,462467,5,1,2,6
3,swipe_left,15,462487,6,1,3,33
3,swipe_left,16,462507,5,2,6,265
3,swipe_left,17,462527,5,3,10,19009
3,swipe_left,18,462547,1,0,42,62830
3,swipe_left,19,462567,-1,-2,82,119483
3,swipe_left,20,462587,2,2,6420,269336
3,swipe_left,21,462607,1,5,59921,43734
3,swipe_left,22,462627,0,18,94113,21768
3,swipe_left,23,462647,-1,2571,131354,5156
3,swipe_left,24,462667,-2,35153,25856,988
3,swipe_left,25,462687,0,97794,12873,-56
3,swipe_left,26,462707,1,178002,3114,-129
3,swipe_left,27,462727,27,33467,264,-86
3,swipe_left,28,462747,8742,2127,-21,-36
3,swipe_left,29,462767,32820,256,-18,-17
3,swipe_left,30,462787,45420,32,-11,-6
3,swipe_left,31,462807,63453,10,-7,-3
3,swipe_left,32,462827,93161,-1,-3,-2
3,swipe_left,33,462847,82731,-4,-1,0
3,swipe_left,34,462867,38306,-7,-1,1
3,swipe_left,35,462887,4375,-7,1,6
3,swipe_left,36,462907,375,-4,0,2
3,swipe_left,37,462927,5,-3,-1,-1
3,swipe_left,38,462947,-2,0,-1,-2
3,swipe_left,39,462967,1,2,2,-2
3,swipe_left,40,462987,2,1,1,0
3,swipe_left,41,463007,-7,0,0,0
3,swipe_left,42,463027,-13,-1,1,1
3,swipe_left,43,463047,-4,0,1,-1
3,swipe_left,44,463067,0,0,-1,0
3,swipe_left,45,463087,0,1,0,1
3,swipe_left,46,463107,-2,-1,0,-1
3,swipe_left,47,463127,0,1,0,1
3,swipe_left,48,463147,-1,-1,0,0
3,swipe_left,49,463167,-1,-2,-1,-1
3,swipe_left,50,463187,0,0,0,0
3,swipe_left,51,463207,-1,0,0,1
3,swipe_left,52,463227,0,-1,0,1
3,swipe_left,53,463247,1,0,1,0
3,swipe_left,54,463267,1,-1,0,1
3,swipe_left,55,463287,-1,0,-1,-1
3,swipe_left,56,463307,-1,1,1,2
3,swipe_left,57,463327,-1,0,-1,0
3,swipe_left,58,463347,1,-1,-2,1
3,swipe_left,59,463367,0,0,1,1
3,swipe_left,60,463387,0,-1,0,0
3,swipe_left,61,463407,1,1,1,2
3,swipe_left,62,463427,0,1,-1,-1
3,swipe_left,63,463447,1,0,1,1
4,swipe_left,0,467927,0,0,-1,0
4,swipe_left,1,467947,0,1,0,1
4,swipe_left,2,467967,-1,0,0,0
4,swipe_left,3,467987,0,1,0,1
4,swipe_left,4,468007,0,-1,-1,-1
4,swipe_left,5,468027,0,0,0,3
4,swipe_left,6,468047,0,1,1,0
4,swipe_left,7,468067,-1,-1,-1,-2
4,swipe_left,8,468087,-1,-1,-2,1
4,swipe_left,9,468107,0,1,0,0
4,swipe_left,10,468127,0,-1,0,2
4,swipe_left,11,468147,0,0,0,2
4,swipe_left,12,468167,-2,1,0,0
4,swipe_left,13,468187,-1,0,-1,-1
4,swipe_left,14,468207,0,2,1,1
4,swipe_left,15,468227,1,0,1,1
4,swipe_left,16,468247,0,1,0,1
4,swipe_left,17,468267,-1,0,-1,1
4,swipe_left,18,468287,0,1,1,1
4,swipe_left,19,468307,1,1,1,7
4,swipe_left,20,468327,0,1,2,63
4,swipe_left,21,468347,2,0,1,68
4,swipe_left,22,468367,3,1,4,2074
4,swipe_left,23,468387,5,1,2,26100
4,swipe_left,24,468407,4,3,5,53683
4,swipe_left,25,468427,3,1,20,95106
4,swipe_left,26,468447,2,1,51,136664
4,swipe_left,27,468467,1,-1,66,160816
4,swipe_left,28,468487,1,0,69,158594
4,swipe_left,29,468507,1,0,69,158594
4,swipe_left,30,468527,-1,0,26715,89834
4,swipe_left,31,468547,-2,5,54817,22342
4,swipe_left,32,468567,-3,1537,81476,5343
4,swipe_left,33,468587,-2,8114,92842,1078
4,swipe_left,34,468607,-1,33603,15093,-85
4,swipe_left,35,468627,0,76593,3655,-102
4,swipe_left,36,468647,1,156769,1739,-89
4,swipe_left,37,468667,1,299348,775,-89
4,swipe_left,38,468687,2,299348,775,-71
4,swipe_left,39,468707,2,246093,99,-55
4,swipe_left,40,468727,5,114353,-20,-26
4,swipe_left,41,468747,34,9088,-23,-9
4,swipe_left,42,468767,19988,573,-10,-4
4,swipe_left,43,468787,41336,71,-5,-2
4,swipe_left,44,468807,47714,14,-1,0
4,swipe_left,45,468827,50685,0,-2,1
4,swipe_left,46,468847,54999,-3,-4,-1
4,swipe_left,47,468867,58727,-2,-1,-3
4,swipe_left,48,468887,85652,-1,-1,-1
4,swipe_left,49,468907,93796,0,-1,0
4,swipe_left,50,468927,52804,-2,-1,1
4,swipe_left,51,468947,8032,-1,1,5
4,swipe_left,52,468967,605,-1,0,1
4,swipe_left,53,468987,25,-3,0,-2
4,swipe_left,54,469007,-7,0,-2,-1
4,swipe_left,55,469027,-5,1,0,-2
4,swipe_left,56,469047,-6,0,1,1
4,swipe_left,57,469067,-3,-1,-2,0
4,swipe_left,58,469087,-1,1,-1,0
4,swipe_left,59,469107,-1,0,0,0
4,swipe_left,60,469127,0,0,-1,0
4,swipe_left,61,469147,-1,-2,1,0
4,swipe_left,62,469167,0,0,0,-1
4,swipe_left,63,469187,1,0,-1,0
5,swipe_left,0,472107,-1,2,1,-1
5,swipe_left,1,472127,0,2,0,1
5,swipe_left,2,472147,0,1,0,-1
5,swipe_left,3,472167,0,0,1,1
5,swipe_left,4,472187,0,0,1,-1
5,swipe_left,5,472207,0,1,0,0
5,swipe_left,6,472227,0,0,-1,-1
5,swipe_left,7,472247,-1,1,1,0
5,swipe_left,8,472267,0,-1,-1,-2
5,swipe_left,9,472287,-1,0,-1,-1
5,swipe_left,10,472307,-1,-2,-1,1
5,swipe_left,11,472327,2,3,1,1
5,swipe_left,12,472347,3,2,1,1
5,swipe_left,13,472367,4,5,5,3
5,swipe_left,14,472387,4,0,0,6
5,swipe_left,15,472407,5,1,-1,7
5,swipe_left,16,472427,3,1,3,67
5,swipe_left,17,472447,1,0,3,4353
5,swipe_left,18,472467,0,0,9,39743
5,swipe_left,19,472487,0,1,58,63459
5,swipe_left,20,472507,1,1,66,84736
5,swipe_left,21,472527,3,2,51,119903
5,swipe_left,22,472547,1,2,37,143824
5,swipe_left,23,472567,0,-1,30,173900
5,swipe_left,24,472587,-1,-2,40,214527
5,swipe_left,25,472607,-1,-2,40,214527
5,swipe_left,26,472627,-1,-2,40,214527
5,swipe_left,27,472647,-1,0,12853,312551
5,swipe_left,28,472667,-3,2,58401,78639
5,swipe_left,29,472687,-3,9,95916,19593
5,swipe_left,30,472707,-2,1333,106827,9719
5,swipe_left,31,472727,-1,6951,138908,2289
5,swipe_left,32,472747,-1,20664,26933,119
5,swipe_left,33,472767,1,43967,6571,-28
5,swipe_left,34,472787,1,128706,1448,-42
5,swipe_left,35,472807,1,128706,1448,-42
5,swipe_left,36,472827,1,414319,1448,-42
5,swipe_left,37,472847,1,298833,159,-30
5,swipe_left,38,472867,3,160131,-46,-17
5,swipe_left,39,472887,30,10881,-42,-7
5,swipe_left,40,472907,10692,705,-15,-4
5,swipe_left,41,472927,24310,89,-5,0
5,swipe_left,42,472947,39145,9,-3,-2
5,swipe_left,43,472967,51111,-2,-2,0
5,swipe_left,44,472987,50872,-1,-2,-1
5,swipe_left,45,473007,65871,0,0,0
5,swipe_left,46,473027,71380,-4,-1,0
5,swipe_left,47,473047,96976,0,-1,0
5,swipe_left,48,473067,70648,-4,0,0
5,swipe_left,49,473087,2968,-2,3,8
5,swipe_left,50,473107,87,0,0,0
5,swipe_left,51,473127,-57,-2,-2,-6
5,swipe_left,52,473147,-31,0,-1,-2
5,swipe_left,53,473167,-15,0,0,-1
5,swipe_left,54,473187,-4,0,-1,1
5,swipe_left,55,473207,-1,1,0,-1
5,swipe_left,56,473227,-1,0,-1,0
5,swipe_left,57,473247,-3,-1,-2,-1
5,swipe_left,58,473267,-3,-1,0,-1
5,swipe_left,59,473287,-1,0,0,2
5,swipe_left,60,473307,0,1,0,0
5,swipe_left,61,473327,0,-1,-1,-3
5,swipe_left,62,473347,0,0,-1,0
5,swipe_left,63,473367,-1,2,1,1
6,swipe_left,0,476187,0,1,1,0
6,swipe_left,1,476207,0,0,0,-1
6,swipe_left,2,476227,0,1,1,2
6,swipe_left,3,476247,0,1,0,5
6,swipe_left,4,476267,3,2,1,33
6,swipe_left,5,476287,3,2,2,51
6,swipe_left,6,476307,2,0,1,39
6,swipe_left,7,476327,1,0,0,21
6,swipe_left,8,476347,1,-1,0,24
6,swipe_left,9,476367,1,-1,1,1561
6,swipe_left,10,476387,2,0,2,9160
6,swipe_left,11,476407,1,-1,1,11585
6,swipe_left,12,476427,1,0,1,17430
6,swipe_left,13,476447,2,1,2,28633
6,swipe_left,14,476467,1,2,5,43983
6,swipe_left,15,476487,0,0,26,76262
6,swipe_left,16,476507,-1,-1,59,129689
6,swipe_left,17,476527,1,1,75,202363
6,swipe_left,18,476547,1,1,75,202363
6,swipe_left,19,476567,1,1,75,202363
6,swipe_left,20,476587,1,1,10633,327592
6,swipe_left,21,476607,-1,8,67922,81810
6,swipe_left,22,476627,-3,15,113264,20016
6,swipe_left,23,476647,-1,6466,136823,9700
6,swipe_left,24,476667,0,38764,27958,669
6,swipe_left,25,476687,-1,100164,6901,-299
6,swipe_left,26,476707,2,198365,3377,-306
6,swipe_left,27,476727,4867,15841,284,-179
6,swipe_left,28,476747,25088,1864,-22,-62
6,swipe_left,29,476767,50909,356,-21,-35
6,swipe_left,30,476787,57274,0,-11,-13
6,swipe_left,31,476807,54886,-18,-7,-8
6,swipe_left,32,476827,56990,-7,-2,-2
6,swipe_left,33,476847,18309,-12,1,8
6,swipe_left,34,476867,1304,-5,3,6
6,swipe_left,35,476887,143,-4,-2,-3
6,swipe_left,36,476907,24,0,1,-4
6,swipe_left,37,476927,-4,0,0,-1
6,swipe_left,38,476947,-11,-1,0,-2
6,swipe_left,39,476967,-26,0,-1,0
6,swipe_left,40,476987,-13,2,0,1
6,swipe_left,41,477007,-10,-1,1,-1
6,swipe_left,42,477027,-11,0,1,0
6,swipe_left,43,477047,-8,-1,1,1
6,swipe_left,44,477067,-6,-2,-1,-2
6,swipe_left,45,477087,-1,1,-1,-1
6,swipe_left,46,477107,-1,0,0,-1
6,swipe_left,47,477127,-1,0,1,1
6,swipe_left,48,477147,0,-1,-1,-1
6,swipe_left,49,477167,0,0,0,-1
6,swipe_left,50,477187,0,0,1,2
6,swipe_left,51,477207,0,-1,-2,-1
6,swipe_left,52,477227,-1,-3,1,-1
6,swipe_left,53,477247,0,1,0,0
6,swipe_left,54,477267,0,-1,0,-1
6,swipe_left,55,477287,1,0,0,-1
6,swipe_left,56,477307,1,1,0,-1
6,swipe_left,57,477327,-1,1,-2,0
6,swipe_left,58,477347,-1,-1,0,-1
6,swipe_left,59,477367,0,-1,0,-2
6,swipe_left,60,477387,-1,-1,0,1
6,swipe_left,61,477407,-2,0,1,0
6,swipe_left,62,477427,0,0,1,-1
6,swipe_left,63,477447,0,0,0,1
7,swipe_left,0,480207,0,0,0,-1
7,swipe_left,1,480227,-2,-2,-2,-1
7,swipe_left,2,480247,-1,0,1,0
7,swipe_left,3,480267,-1,-1,0,0
7,swipe_left,4,480287,2,2,0,1
7,swipe_left,5,480307,0,0,0,-1
7,swipe_left,6,480327,-1,-2,-2,-1
7,swipe_left,7,480347,1,0,-1,0
7,swipe_left,8,480367,-2,0,-1,0
7,swipe_left,9,480387,0,1,1,0
7,swipe_left,10,480407,0,1,-1,0
7,swipe_left,11,480427,0,0,1,-1
7,swipe_left,12,480447,0,1,0,0
7,swipe_left,13,480467,-1,-1,1,4
7,swipe_left,14,480487,0,-1,2,71
7,swipe_left,15,480507,2,0,0,8271
7,swipe_left,16,480527,5,2,3,15959
7,swipe_left,17,480547,7,1,2,28813
7,swipe_left,18,480567,5,4,6,36496
7,swipe_left,19,480587,1,0,5,39508
7,swipe_left,20,480607,3,1,9,58778
7,swipe_left,21,480627,3,2,26,76708
7,swipe_left,22,480647,1,1,30,85179
7,swipe_left,23,480667,0,0,23,99078
7,swipe_left,24,480687,-1,0,14,113378
7,swipe_left,25,480707,0,0,24,140987
7,swipe_left,26,480727,0,0,24,140987
7,swipe_left,27,480747,0,1,9306,83234
7,swipe_left,28,480767,0,1,45752,10823
7,swipe_left,29,480787,-1,14,65581,2661
7,swipe_left,30,480807,-1,1247,49494,234
7,swipe_left,31,480827,1,27153,6104,-4
7,swipe_left,32,480847,0,89320,1421,-17
7,swipe_left,33,480867,0,94685,637,-17
7,swipe_left,34,480887,0,140130,76,-15
7,swipe_left,35,480907,24,9942,-26,-5
7,swipe_left,36,480927,9771,610,-12,-2
7,swipe_left,37,480947,17854,65,-5,0
7,swipe_left,38,480967,29417,2,-1,0
7,swipe_left,39,480987,38737,-4,-1,-1
7,swipe_left,40,481007,58982,-1,0,0
7,swipe_left,41,481027,66851,-1,-1,-1
7,swipe_left,42,481047,96747,0,0,0
7,swipe_left,43,481067,81223,-1,0,0
7,swipe_left,44,481087,56060,-3,-1,0
7,swipe_left,45,481107,31257,0,-1,2
7,swipe_left,46,481127,4560,0,2,6
7,swipe_left,47,481147,469,0,2,1
7,swipe_left,48,481167,34,0,-1,-2
7,swipe_left,49,481187,-20,0,-1,-3
7,swipe_left,50,481207,-12,-1,-2,-4
7,swipe_left,51,481227,-4,-1,0,1
7,swipe_left,52,481247,-3,-2,-2,0
7,swipe_left,53,481267,-2,-1,-1,0
7,swipe_left,54,481287,-1,-1,-1,0
7,swipe_left,55,481307,0,0,0,1
7,swipe_left,56,481327,0,0,0,0
7,swipe_left,57,481347,1,0,2,1
7,swipe_left,58,481367,0,-1,0,1
7,swipe_left,59,481387,1,1,0,2
7,swipe_left,60,481407,-1,0,0,-1
7,swipe_left,61,481427,-1,0,-2,-2
7,swipe_left,62,481447,0,-1,0,1
7,swipe_left,63,481467,0,-1,-1,-1
8,swipe_left,0,484867,0,1,0,-1
8,swipe_left,1,484887,-1,0,0,0
8,swipe_left,2,484907,-1,-1,0,-1
8,swipe_left,3,484927,-1,0,-1,0
8,swipe_left,4,484947,0,1,1,0
8,swipe_left,5,484967,1,1,0,1
8,swipe_left,6,484987,-1,0,-1,-2
8,swipe_left,7,485007,0,0,0,0
8,swipe_left,8,485027,1,1,0,1
8,swipe_left,9,485047,0,0,0,2
8,swipe_left,10,485067,0,-1,0,0
8,swipe_left,11,485087,-1,-1,-1,0
8,swipe_left,12,485107,1,1,-1,2
8,swipe_left,13,485127,2,0,0,1
8,swipe_left,14,485147,0,1,3,-1
8,swipe_left,15,485167,2,2,2,0
8,swipe_left,16,485187,2,0,1,3
8,swipe_left,17,485207,1,2,3,5
8,swipe_left,18,485227,2,1,3,167
8,swipe_left,19,485247,1,1,2,24068
8,swipe_left,20,485267,0,1,4,30161
8,swipe_left,21,485287,0,0,5,50413
8,swipe_left,22,485307,0,0,8,55477
8,swipe_left,23,485327,0,-1,16,66694
8,swipe_left,24,485347,-2,-1,27,81774
8,swipe_left,25,485367,0,0,37,101332
8,swipe_left,26,485387,0,0,47,105943
8,swipe_left,27,485407,-1,0,31,109269
8,swipe_left,28,485427,-1,-2,7,110059
8,swipe_left,29,485447,-1,1,-16,91259
8,swipe_left,30,485467,1,1,48,114218
8,swipe_left,31,485487,1,2,16612,8598
8,swipe_left,32,485507,-1,2,32448,1251
8,swipe_left,33,485527,0,1,35820,233
8,swipe_left,34,485547,-2,3,46325,31
8,swipe_left,35,485567,0,15,46010,-40
8,swipe_left,36,485587,-1,1944,73969,-35
8,swipe_left,37,485607,0,5993,22311,-20
8,swipe_left,38,485627,0,28839,2948,-10
8,swipe_left,39,485647,0,21424,196,0
8,swipe_left,40,485667,0,31351,-41,-1
8,swipe_left,41,485687,1,97393,-44,-4
8,swipe_left,42,485707,1,111212,-37,-4
8,swipe_left,43,485727,2,62563,-20,-1
8,swipe_left,44,485747,9,9288,-7,0
8,swipe_left,45,485767,678,371,-1,1
8,swipe_left,46,485787,11299,45,0,1
8,swipe_left,47,485807,15639,-1,-1,-2
8,swipe_left,48,485827,17921,-4,0,0
8,swipe_left,49,485847,29566,-3,-1,0
8,swipe_left,50,485867,28827,1,-1,-1
8,swipe_left,51,485887,45617,5,-3,-1
8,swipe_left,52,485907,61170,-1,-1,0
8,swipe_left,53,485927,36067,-4,0,0
8,swipe_left,54,485947,10869,-3,2,8
8,swipe_left,55,485967,2463,-2,1,2
8,swipe_left,56,485987,315,-2,1,1
8,swipe_left,57,486007,35,-3,-1,-4
8,swipe_left,58,486027,-24,-3,-1,-3
8,swipe_left,59,486047,-22,-1,-1,-4
8,swipe_left,60,486067,-15,-1,-3,-5
8,swipe_left,61,486087,-10,-1,-1,-1
8,swipe_left,62,486107,-4,1,0,1
8,swipe_left,63,486127,-3,1,1,0
9,swipe_left,0,489147,1,-1,0,2
9,swipe_left,1,489167,-1,-2,-2,-2
9,swipe_left,2,489187,0,1,0,1
9,swipe_left,3,489207,0,1,0,1
9,swipe_left,4,489227,0,1,0,1
9,swipe_left,5,489247,0,2,0,1
9,swipe_left,6,489267,0,0,-3,-1
9,swipe_left,7,489287,-1,-1,0,0
9,swipe_left,8,489307,0,1,-2,0
9,swipe_left,9,489327,0,0,0,-1
9,swipe_left,10,489347,1,-1,1,0
9,swipe_left,11,489367,0,0,-1,0
9,swipe_left,12,489387,-1,1,1,0
9,swipe_left,13,489407,1,1,1,-1
9,swipe_left,14,489427,1,-1,-1,0
9,swipe_left,15,489447,1,0,0,0
9,swipe_left,16,489467,-1,0,0,0
9,swipe_left,17,489487,1,0,1,0
9,swipe_left,18,489507,3,3,1,1
9,swipe_left,19,489527,4,1,0,1
9,swipe_left,20,489547,1,0,2,0
9,swipe_left,21,489567,2,3,1,2
9,swipe_left,22,489587,-1,0,0,3
9,swipe_left,23,489607,0,0,0,26
9,swipe_left,24,489627,1,0,1,3207
9,swipe_left,25,489647,0,0,4,18456
9,swipe_left,26,489667,2,2,28,37376
9,swipe_left,27,489687,0,1,42,54851
9,swipe_left,28,489707,1,1,10,70366
9,swipe_left,29,489727,0,1,12,88430
9,swipe_left,30,489747,-1,-1,16,105143
9,swipe_left,31,489767,-1,-1,30,112223
9,swipe_left,32,489787,-1,-2,30,141513
9,swipe_left,33,489807,-2,-2,30,246186
9,swipe_left,34,489827,-3,-1,9855,106154
9,swipe_left,35,489847,-1,1,29900,14514
9,swipe_left,36,489867,-1,5,52897,3704
9,swipe_left,37,489887,-1,12,72044,346
9,swipe_left,38,489907,-1,168,70901,39
9,swipe_left,39,489927,0,6309,81998,-22
9,swipe_left,40,489947,0,14326,10722,-21
9,swipe_left,41,489967,0,24254,1210,-5
9,swipe_left,42,489987,-1,39221,171,-5
9,swipe_left,43,490007,0,42795,-33,-3
9,swipe_left,44,490027,0,129089,-36,-3
9,swipe_left,45,490047,1,112333,-31,-3
9,swipe_left,46,490067,5,36739,-16,-1
9,swipe_left,47,490087,48,2289,-5,1
9,swipe_left,48,490107,7905,30,-1,0
9,swipe_left,49,490127,13686,-42,-1,-3
9,swipe_left,50,490147,24581,-21,0,0
9,swipe_left,51,490167,30139,-7,0,1
9,swipe_left,52,490187,39028,2,0,2
9,swipe_left,53,490207,42791,1,-1,0
9,swipe_left,54,490227,31286,-6,-1,3
9,swipe_left,55,490247,7344,-6,3,9
9,swipe_left,56,490267,286,-4,-1,0
9,swipe_left,57,490287,4,-1,-2,-5
9,swipe_left,58,490307,-13,-1,-2,-5
9,swipe_left,59,490327,-11,-1,-3,-3
9,swipe_left,60,490347,-6,2,0,2
9,swipe_left,61,490367,-2,-1,-2,0
9,swipe_left,62,490387,-1,-1,0,-1
9,swipe_left,63,490407,-1,-1,0,-1
10,swipe_left,0,493307,2,0,0,1
10,swipe_left,1,493327,0,0,1,1
10,swipe_left,2,493347,0,0,0,0
10,swipe_left,3,493367,2,2,1,-1
10,swipe_left,4,493387,-1,1,-1,-1
10,swipe_left,5,493407,1,-1,0,0
10,swipe_left,6,493427,0,0,0,1
10,swipe_left,7,493447,1,0,1,1
10,swipe_left,8,493467,0,2,1,-1
10,swipe_left,9,493487,0,0,-1,-1
10,swipe_left,10,493507,-2,-2,-2,-3
10,swipe_left,11,493527,1,1,1,3
10,swipe_left,12,493547,-1,-1,0,0
10,swipe_left,13,493567,1,0,0,0
10,swipe_left,14,493587,0,0,1,-1
10,swipe_left,15,493607,2,2,2,1
10,swipe_left,16,493627,0,0,1,1
10,swipe_left,17,493647,2,0,0,0
10,swipe_left,18,493667,3,2,2,1
10,swipe_left,19,493687,2,2,3,1
10,swipe_left,20,493707,2,2,3,4
10,swipe_left,21,493727,1,1,0,8
10,swipe_left,22,493747,0,1,-1,587
10,swipe_left,23,493767,0,1,0,10497
10,swipe_left,24,493787,0,1,7,27870
10,swipe_left,25,493807,-2,0,23,32204
10,swipe_left,26,493827,-1,0,28,58106
10,swipe_left,27,493847,-2,-1,20,74000
10,swipe_left,28,493867,-1,2,31,97900
10,swipe_left,29,493887,-1,1,56,160665
10,swipe_left,30,493907,-2,0,3107,71245
10,swipe_left,31,493927,-1,0,16197,26351
10,swipe_left,32,493947,-1,3,33068,5354
10,swipe_left,33,493967,1,4,54558,894
10,swipe_left,34,493987,-1,9,58546,225
10,swipe_left,35,494007,-1,81,76395,40
10,swipe_left,36,494027,-3,6262,102780,-8
10,swipe_left,37,494047,0,15460,15444,-11
10,swipe_left,38,494067,1,18825,1651,-3
10,swipe_left,39,494087,-1,58985,142,-4
10,swipe_left,40,494107,0,83107,-81,-3
10,swipe_left,41,494127,0,125087,-95,-5
10,swipe_left,42,494147,3,161737,-75,-2
10,swipe_left,43,494167,2,219703,-62,-1
10,swipe_left,44,494187,2,134068,-41,-3
10,swipe_left,45,494207,23,11894,-12,0
10,swipe_left,46,494227,1374,724,-6,-1
10,swipe_left,47,494247,11898,16,-4,-1
10,swipe_left,48,494267,35008,-13,-1,-1
10,swipe_left,49,494287,35175,-9,-1,-2
10,swipe_left,50,494307,33742,-4,-1,0
10,swipe_left,51,494327,41354,-4,0,1
10,swipe_left,52,494347,43982,-1,-1,0
10,swipe_left,53,494367,55988,-1,0,1
10,swipe_left,54,494387,51747,-1,1,1
10,swipe_left,55,494407,16279,-1,2,3
10,swipe_left,56,494427,1087,-1,1,3
10,swipe_left,57,494447,19,-1,-2,-4
10,swipe_left,58,494467,-19,-1,-1,-3
10,swipe_left,59,494487,-11,-3,-5,-6
10,swipe_left,60,494507,-2,0,1,0
10,swipe_left,61,494527,-2,0,1,0
10,swipe_left,62,494547,0,1,1,1
10,swipe_left,63,494567,0,1,0,0
11,swipe_left,0,497587,-1,1,0,-1
11,swipe_left,1,497607,0,-1,-2,0
11,swipe_left,2,497627,1,0,0,0
11,swipe_left,3,497647,0,1,1,0
11,swipe_left,4,497667,0,0,-2,0
11,swipe_left,5,497687,0,-1,-2,-2
11,swipe_left,6,497707,-1,1,1,-1
11,swipe_left,7,497727,1,1,1,0
11,swipe_left,8,497747,2,-1,-1,0
11,swipe_left,9,497767,-1,-1,-1,0
11,swipe_left,10,497787,0,0,0,-2
11,swipe_left,11,497807,0,1,2,-1
11,swipe_left,12,497827,1,0,2,0
11,swipe_left,13,497847,1,2,0,-1
11,swipe_left,14,497867,-1,0,0,0
11,swipe_left,15,497887,0,1,0,1
11,swipe_left,16,497907,2,1,2,0
11,swipe_left,17,497927,0,0,-1,-1
11,swipe_left,18,497947,3,1,2,3
11,swipe_left,19,497967,4,0,-2,0
11,swipe_left,20,497987,3,3,1,1
11,swipe_left,21,498007,2,0,-2,2
11,swipe_left,22,498027,2,1,2,1
11,swipe_left,23,498047,1,0,2,0
11,swipe_left,24,498067,0,1,1,1
11,swipe_left,25,498087,0,1,3,11
11,swipe_left,26,498107,1,1,3,9908
11,swipe_left,27,498127,1,2,22,54271
11,swipe_left,28,498147,-3,-3,46,58397
11,swipe_left,29,498167,-2,0,47,44679
11,swipe_left,30,498187,-2,1,1142,71884
11,swipe_left,31,498207,-2,0,24801,29541
11,swipe_left,32,498227,1,4,47786,9156
11,swipe_left,33,498247,3,7,80315,2461
11,swipe_left,34,498267,0,14,103748,627
11,swipe_left,35,498287,0,25,112599,136
11,swipe_left,36,498307,1,2078,89480,18
11,swipe_left,37,498327,0,16103,63084,-8
11,swipe_left,38,498347,-1,61001,8015,-10
11,swipe_left,39,498367,0,84172,1849,-6
11,swipe_left,40,498387,0,123737,815,-6
11,swipe_left,41,498407,0,84153,93,-3
11,swipe_left,42,498427,1,119104,-30,-2
11,swipe_left,43,498447,1,184368,-45,-4
11,swipe_left,44,498467,5,138517,-38,-1
11,swipe_left,45,498487,24,12996,-15,-2
11,swipe_left,46,498507,4304,869,-4,0
11,swipe_left,47,498527,14825,25,-2,-2
11,swipe_left,48,498547,33383,-18,-2,0
11,swipe_left,49,498567,42094,-17,-1,0
11,swipe_left,50,498587,43316,-6,-1,-1
11,swipe_left,51,498607,35512,-3,0,3
11,swipe_left,52,498627,44067,-1,-1,4
11,swipe_left,53,498647,61859,-2,0,2
11,swipe_left,54,498667,19615,-3,2,4
11,swipe_left,55,498687,1326,-1,0,-1
11,swipe_left,56,498707,-2,-1,-2,-4
11,swipe_left,57,498727,-20,0,-1,-3
11,swipe_left,58,498747,-8,-1,-2,-2
11,swipe_left,59,498767,-2,-1,-1,-1
11,swipe_left,60,498787,-2,-1,0,-1
11,swipe_left,61,498807,-1,1,0,0
11,swipe_left,62,498827,1,1,1,1
11,swipe_left,63,498847,-1,-1,0,1
12,swipe_left,0,501627,1,-1,-2,0
12,swipe_left,1,501647,-1,1,1,1
12,swipe_left,2,501667,0,-2,0,-1
12,swipe_left,3,501687,1,1,1,-1
12,swipe_left,4,501707,-1,-1,-1,0
12,swipe_left,5,501727,0,3,0,0
12,swipe_left,6,501747,-1,1,0,0
12,swipe_left,7,501767,1,0,0,0
12,swipe_left,8,501787,0,1,-1,-1
12,swipe_left,9,501807,0,-1,1,0
12,swipe_left,10,501827,0,-1,0,0
12,swipe_left,11,501847,-1,-1,-1,0
12,swipe_left,12,501867,2,1,1,1
12,swipe_left,13,501887,4,2,3,2
12,swipe_left,14,501907,5,2,2,6
12,swipe_left,15,501927,3,3,3,7
12,swipe_left,16,501947,3,3,1,80
12,swipe_left,17,501967,2,3,3,2265
12,swipe_left,18,501987,1,1,3,15642
12,swipe_left,19,502007,1,-1,6,28675
12,swipe_left,20,502027,1,-1,15,57986
12,swipe_left,21,502047,1,0,23,65423
12,swipe_left,22,502067,1,0,24,89234
12,swipe_left,23,502087,0,0,30,115074
12,swipe_left,24,502107,-1,0,63,125648
12,swipe_left,25,502127,-4,1,1142,153245
12,swipe_left,26,502147,0,1,36829,45320
12,swipe_left,27,502167,-1,3,58479,5918
12,swipe_left,28,502187,0,17,82592,1367
12,swipe_left,29,502207,-2,2028,85369,175
12,swipe_left,30,502227,-2,18490,60159,-32
12,swipe_left,31,502247,-1,34227,7954,-45
12,swipe_left,32,502267,1,81744,868,-28
12,swipe_left,33,502287,1,73554,354,-18
12,swipe_left,34,502307,1,103243,3,-12
12,swipe_left,35,502327,0,158619,-36,-10
12,swipe_left,36,502347,4,238373,-46,-7
12,swipe_left,37,502367,3,181943,-38,-7
12,swipe_left,38,502387,34,12798,-17,-1
12,swipe_left,39,502407,12915,771,-7,0
12,swipe_left,40,502427,27418,68,-2,0
12,swipe_left,41,502447,38218,-4,-5,-3
12,swipe_left,42,502467,43317,-7,-3,-1
12,swipe_left,43,502487,43147,-5,0,-1
12,swipe_left,44,502507,56199,-2,1,1
12,swipe_left,45,502527,72015,-3,1,2
12,swipe_left,46,502547,54627,-1,1,1
12,swipe_left,47,502567,18566,0,4,9
12,swipe_left,48,502587,2749,-1,1,6
12,swipe_left,49,502607,250,-3,-2,-7
12,swipe_left,50,502627,-12,-1,-2,-5
12,swipe_left,51,502647,-12,-2,-3,-4
12,swipe_left,52,502667,-5,0,-2,0
12,swipe_left,53,502687,-6,0,0,1
12,swipe_left,54,502707,-2,-1,0,0
12,swipe_left,55,502727,-1,0,0,1
12,swipe_left,56,502747,1,0,0,-1
12,swipe_left,57,502767,-1,3,0,0
12,swipe_left,58,502787,0,-1,-1,2
12,swipe_left,59,502807,-1,0,1,0
12,swipe_left,60,502827,0,0,0,-1
12,swipe_left,61,502847,0,1,0,1
12,swipe_left,62,502867,-1,-1,0,-1
12,swipe_left,63,502887,0,-3,0,-2
13,swipe_left,0,505887,1,0,0,0
13,swipe_left,1,505907,0,1,0,-1
13,swipe_left,2,505927,-1,-2,-2,-3
13,swipe_left,3,505947,0,0,-1,-1
13,swipe_left,4,505967,2,2,3,1
13,swipe_left,5,505987,4,2,3,2
13,swipe_left,6,506007,3,1,3,0
13,swipe_left,7,506027,4,1,3,2
13,swipe_left,8,506047,1,0,-1,-1
13,swipe_left,9,506067,1,1,0,1
13,swipe_left,10,506087,-1,-1,1,-2
13,swipe_left,11,506107,1,2,2,7
13,swipe_left,12,506127,0,1,1,44
13,swipe_left,13,506147,-1,-2,0,5869
13,swipe_left,14,506167,0,0,28,31434
13,swipe_left,15,506187,-2,-1,65,50040
13,swipe_left,16,506207,-1,1,2850,50958
13,swipe_left,17,506227,0,0,7665,40714
13,swipe_left,18,506247,3,3,51977,15347
13,swipe_left,19,506267,1,7,87003,4173
13,swipe_left,20,506287,0,11,107908,1207
13,swipe_left,21,506307,-1,22,120242,614
13,swipe_left,22,506327,0,101,122988,132
13,swipe_left,23,506347,1,4437,118262,16
13,swipe_left,24,506367,-1,19840,84254,-10
13,swipe_left,25,506387,0,37747,12305,-9
13,swipe_left,26,506407,1,44936,1314,-6
13,swipe_left,27,506427,0,77359,122,-5
13,swipe_left,28,506447,2,75885,-57,-4
13,swipe_left,29,506467,9,33497,-65,-3
13,swipe_left,30,506487,1699,2108,-19,-1
13,swipe_left,31,506507,14665,159,-7,1
13,swipe_left,32,506527,37207,-24,-3,1
13,swipe_left,33,506547,41127,-21,-1,0
13,swipe_left,34,506567,40619,-11,0,1
13,swipe_left,35,506587,46526,-4,-1,-1
13,swipe_left,36,506607,37237,-3,0,-2
13,swipe_left,37,506627,39707,-1,0,3
13,swipe_left,38,506647,41757,-2,2,4
13,swipe_left,39,506667,12876,-2,4,6
13,swipe_left,40,506687,1466,-3,0,0
13,swipe_left,41,506707,141,0,-1,-4
13,swipe_left,42,506727,-18,0,-1,-5
13,swipe_left,43,506747,-16,0,-1,-1
13,swipe_left,44,506767,-6,-1,-1,-2
13,swipe_left,45,506787,-4,2,-1,-1
13,swipe_left,46,506807,-2,-1,1,0
13,swipe_left,47,506827,-1,0,2,0
13,swipe_left,48,506847,0,0,0,0
13,swipe_left,49,506867,0,0,-1,0
13,swipe_left,50,506887,-1,-2,-2,-1
13,swipe_left,51,506907,0,-1,-1,-1
13,swipe_left,52,506927,0,1,0,1
13,swipe_left,53,506947,-1,-1,-1,-2
13,swipe_left,54,506967,1,1,1,1
13,swipe_left,55,506987,0,0,-1,-1
13,swipe_left,56,507007,-3,-1,-2,-1
13,swipe_left,57,507027,-1,3,1,1
13,swipe_left,58,507047,0,-1,0,0
13,swipe_left,59,507067,3,1,0,0
13,swipe_left,60,507087,2,1,-1,-1
13,swipe_left,61,507107,-1,0,0,0
13,swipe_left,62,507127,-2,-1,-2,-1
13,swipe_left,63,507147,-3,2,0,0
14,swipe_left,0,510107,1,1,1,4364
14,swipe_left,1,510127,0,1,14,37095
14,swipe_left,2,510147,0,0,41,55269
14,swipe_left,3,510167,-2,-1,149,124738
14,swipe_left,4,510187,0,-2,1341,175106
14,swipe_left,5,510207,1,2,2354,136982
14,swipe_left,6,510227,-2,0,5149,41842
14,swipe_left,7,510247,-2,0,19705,6897
14,swipe_left,8,510267,-1,6,25974,464
14,swipe_left,9,510287,-3,17,33590,-200
14,swipe_left,10,510307,0,1841,27505,-130
14,swipe_left,11,510327,0,6326,13041,-44
14,swipe_left,12,510347,0,18414,2132,-18
14,swipe_left,13,510367,-1,20599,-5,-6
14,swipe_left,14,510387,-1,45949,-53,-4
14,swipe_left,15,510407,1,39385,-36,-2
14,swipe_left,16,510427,4,96726,-25,-2
14,swipe_left,17,510447,2,95018,-15,-3
14,swipe_left,18,510467,1,78374,-9,0
14,swipe_left,19,510487,1,63154,-7,-2
14,swipe_left,20,510507,14,14074,-3,1
14,swipe_left,21,510527,2086,788,-1,-1
14,swipe_left,22,510547,9093,-9,0,-1
14,swipe_left,23,510567,28336,-26,0,-1
14,swipe_left,24,510587,31340,-13,-1,-2
14,swipe_left,25,510607,29450,-6,0,1
14,swipe_left,26,510627,22145,-3,0,0
14,swipe_left,27,510647,10808,-2,2,6
14,swipe_left,28,510667,869,0,3,6
14,swipe_left,29,510687,79,-1,-2,-2
14,swipe_left,30,510707,-2,-1,-2,-5
14,swipe_left,31,510727,-41,-2,-1,-4
14,swipe_left,32,510747,-17,-1,0,-1
14,swipe_left,33,510767,-8,1,-1,-3
14,swipe_left,34,510787,-2,0,-1,-2
14,swipe_left,35,510807,0,-1,1,0
14,swipe_left,36,510827,-2,0,0,-1
14,swipe_left,37,510847,-1,-1,-1,0
14,swipe_left,38,510867,0,1,0,0
14,swipe_left,39,510887,0,1,1,1
14,swipe_left,40,510907,-1,-1,-1,-1
14,swipe_left,41,510927,0,0,-1,0
14,swipe_left,42,510947,-1,0,0,-2
14,swipe_left,43,510967,0,1,0,1
14,swipe_left,44,510987,0,0,0,1
14,swipe_left,45,511007,-2,0,-1,-2
14,swipe_left,46,511027,0,0,1,0
14,swipe_left,47,511047,1,-1,-1,0
14,swipe_left,48,511067,0,1,0,0
14,swipe_left,49,511087,0,0,-1,-1
14,swipe_left,50,511107,-1,-1,0,-1
14,swipe_left,51,511127,0,0,-1,1
14,swipe_left,52,511147,-1,-1,-2,-2
14,swipe_left,53,511167,-1,0,2,1
14,swipe_left,54,511187,0,-1,0,1
14,swipe_left,55,511207,0,1,-1,-1
14,swipe_left,56,511227,1,0,1,0
14,swipe_left,57,511247,2,0,0,1
14,swipe_left,58,511267,1,1,-1,0
14,swipe_left,59,511287,0,-1,-1,-1
14,swipe_left,60,511307,-1,0,0,0
14,swipe_left,61,511327,-1,-1,0,1
14,swipe_left,62,511347,0,2,1,0
14,swipe_left,63,511367,0,0,0,-1
15,swipe_left,0,514187,0,-2,0,8
15,swipe_left,1,514207,0,0,0,13
15,swipe_left,2,514227,1,0,-1,30
15,swipe_left,3,514247,0,-1,0,34
15,swipe_left,4,514267,0,0,2,2348
15,swipe_left,5,514287,2,-1,2,4767
15,swipe_left,6,514307,1,0,0,18655
15,swipe_left,7,514327,1,1,4,32949
15,swipe_left,8,514347,1,1,50,113468
15,swipe_left,9,514367,1,1,50,113468
15,swipe_left,10,514387,1,2,4915,290998
15,swipe_left,11,514407,1,2,4915,290998
15,swipe_left,12,514427,1,2,4915,290998
15,swipe_left,13,514447,1,2,4915,290998
15,swipe_left,14,514467,2,3,50946,838209
15,swipe_left,15,514487,1,4,74568,266405
15,swipe_left,16,514507,1,4,103104,134079
15,swipe_left,17,514527,-2,9,146771,33521
15,swipe_left,18,514547,-3,959,175057,16591
15,swipe_left,19,514567,-1,2507,202830,8122
15,swipe_left,20,514587,-1,28376,113161,1753
15,swipe_left,21,514607,-1,79112,28268,156
15,swipe_left,22,514627,0,151750,14101,-16
15,swipe_left,23,514647,0,151750,14101,-16
15,swipe_left,24,514667,4,421729,7004,-76
15,swipe_left,25,514687,15,335708,3455,-92
15,swipe_left,26,514707,6294,25262,152,-45
15,swipe_left,27,514727,8358,1657,-8,-15
15,swipe_left,28,514747,24280,210,-10,-7
15,swipe_left,29,514767,63410,25,-5,-2
15,swipe_left,30,514787,62872,3,-2,-4
15,swipe_left,31,514807,67352,-2,0,0
15,swipe_left,32,514827,67766,2,0,1
15,swipe_left,33,514847,68482,3,-1,-2
15,swipe_left,34,514867,75883,9,-2,0
15,swipe_left,35,514887,77517,9,-2,-1
15,swipe_left,36,514907,122337,0,-2,-1
15,swipe_left,37,514927,133468,-5,0,1
15,swipe_left,38,514947,97354,-10,1,2
15,swipe_left,39,514967,41833,-10,2,7
15,swipe_left,40,514987,4478,-7,1,1
15,swipe_left,41,515007,336,-2,-1,-5
15,swipe_left,42,515027,9,-3,-3,-4
15,swipe_left,43,515047,-8,-1,0,-3
15,swipe_left,44,515067,-5,-1,0,-2
15,swipe_left,45,515087,-2,0,0,0
15,swipe_left,46,515107,-2,-1,-1,-2
15,swipe_left,47,515127,-2,-1,-2,0
15,swipe_left,48,515147,-1,1,1,-1
15,swipe_left,49,515167,-1,0,0,-3
15,swipe_left,50,515187,0,1,1,0
15,swipe_left,51,515207,0,-1,0,2
15,swipe_left,52,515227,-1,0,0,0
15,swipe_left,53,515247,0,0,0,1
15,swipe_left,54,515267,-1,-1,-1,0
15,swipe_left,55,515287,-2,0,-3,-1
15,swipe_left,56,515307,0,0,0,0
15,swipe_left,57,515327,1,0,1,3
15,swipe_left,58,515347,2,0,0,1
15,swipe_left,59,515367,0,0,2,0
15,swipe_left,60,515387,0,0,-1,0
15,swipe_left,61,515407,-1,-1,0,-1
15,swipe_left,62,515427,0,0,1,0
15,swipe_left,63,515447,0,0,0,2
16,swipe_left,0,518107,-1,1,-1,0
16,swipe_left,1,518127,-1,-1,-1,-2
16,swipe_left,2,518147,0,1,2,0
16,swipe_left,3,518167,1,0,-1,1
16,swipe_left,4,518187,-2,-2,-2,-1
16,swipe_left,5,518207,-2,-1,-1,-1
16,swipe_left,6,518227,0,1,0,-1
16,swipe_left,7,518247,1,-1,0,0
16,swipe_left,8,518267,0,0,0,0
16,swipe_left,9,518287,-1,0,-1,0
16,swipe_left,10,518307,1,2,1,0
16,swipe_left,11,518327,1,0,1,-1
16,swipe_left,12,518347,0,-1,-1,0
16,swipe_left,13,518367,0,1,-1,-1
16,swipe_left,14,518387,1,0,0,1
16,swipe_left,15,518407,-1,-2,-2,-2
16,swipe_left,16,518427,1,1,1,0
16,swipe_left,17,518447,0,0,0,-1
16,swipe_left,18,518467,3,1,1,0
16,swipe_left,19,518487,2,2,1,0
16,swipe_left,20,518507,1,1,1,1
16,swipe_left,21,518527,2,1,1,1
16,swipe_left,22,518547,1,3,3,3
16,swipe_left,23,518567,0,0,0,-1
16,swipe_left,24,518587,1,1,1,0
16,swipe_left,25,518607,-1,0,1,-1
16,swipe_left,26,518627,0,-1,-1,-1
16,swipe_left,27,518647,1,1,3,0
16,swipe_left,28,518667,1,0,0,0
16,swipe_left,29,518687,0,0,-1,0
16,swipe_left,30,518707,-1,-2,-3,-1
16,swipe_left,31,518727,1,0,-1,0
16,swipe_left,32,518747,1,3,1,2
16,swipe_left,33,518767,1,1,4,3
16,swipe_left,34,518787,0,3,4,16
16,swipe_left,35,518807,1,2,2,2158
16,swipe_left,36,518827,1,0,2,12577
16,swipe_left,37,518847,1,0,7,47107
16,swipe_left,38,518867,0,1,30,74217
16,swipe_left,39,518887,1,2,44,118859
16,swipe_left,40,518907,0,-1,48,136495
16,swipe_left,41,518927,1,1,51,167728
16,swipe_left,42,518947,1,1,68,187682
16,swipe_left,43,518967,1,3,147,212234
16,swipe_left,44,518987,0,1,3379,235145
16,swipe_left,45,519007,-1,1,9046,255900
16,swipe_left,46,519027,-1,-1,37632,291772
16,swipe_left,47,519047,-1,2,66853,83966
16,swipe_left,48,519067,-3,7,123443,21184
16,swipe_left,49,519087,-2,17,148438,10644
16,swipe_left,50,519107,-1,26,166197,5278
16,swipe_left,51,519127,-2,7359,170745,1230
16,swipe_left,52,519147,-1,21413,182952,545
16,swipe_left,53,519167,-2,55474,30087,6
16,swipe_left,54,519187,-1,105908,14894,-17
16,swipe_left,55,519207,0,135931,3479,-23
16,swipe_left,56,519227,0,135931,3479,-23
16,swipe_left,57,519247,0,135931,3479,-23
16,swipe_left,58,519267,2,548632,1563,-22
16,swipe_left,59,519287,2,548632,1563,-22
16,swipe_left,60,519307,2,640955,1563,-22
16,swipe_left,61,519327,23,199480,-28,-11
16,swipe_left,62,519347,7816,12540,-70,-1
16,swipe_left,63,519367,25491,1548,-33,-1
17,swipe_left,0,523267,-1,0,-1,-1
17,swipe_left,1,523287,-3,-1,-1,-2
17,swipe_left,2,523307,-1,1,1,0
17,swipe_left,3,523327,0,1,0,1
17,swipe_left,4,523347,0,1,1,2
17,swipe_left,5,523367,0,0,2,-1
17,swipe_left,6,523387,0,-2,1,0
17,swipe_left,7,523407,2,1,1,0
17,swipe_left,8,523427,1,-1,0,0
17,swipe_left,9,523447,2,-1,-1,0
17,swipe_left,10,523467,-2,-1,1,-1
17,swipe_left,11,523487,0,0,-3,-4
17,swipe_left,12,523507,3,2,0,1
17,swipe_left,13,523527,2,0,0,0
17,swipe_left,14,523547,3,0,0,-1
17,swipe_left,15,523567,4,5,2,1
17,swipe_left,16,523587,2,2,2,-2
17,swipe_left,17,523607,1,1,0,-1
17,swipe_left,18,523627,2,0,0,0
17,swipe_left,19,523647,1,0,0,0
17,swipe_left,20,523667,3,1,1,0
17,swipe_left,21,523687,1,-1,-2,0
17,swipe_left,22,523707,0,0,1,0
17,swipe_left,23,523727,0,1,2,7
17,swipe_left,24,523747,-1,0,-1,61
17,swipe_left,25,523767,0,2,3,5730
17,swipe_left,26,523787,1,2,7,33682
17,swipe_left,27,523807,2,2,25,44504
17,swipe_left,28,523827,3,1,66,73456
17,swipe_left,29,523847,2,2,95,121304
17,swipe_left,30,523867,1,1,229,130613
17,swipe_left,31,523887,0,1,655,183280
17,swipe_left,32,523907,0,1,1698,180860
17,swipe_left,33,523927,0,0,6313,191779
17,swipe_left,34,523947,-1,0,28409,222175
17,swipe_left,35,523967,0,0,69341,97378
17,swipe_left,36,523987,0,2,112785,49152
17,swipe_left,37,524007,-1,14,132901,12424
17,swipe_left,38,524027,-1,26,146174,6129
17,swipe_left,39,524047,0,859,143321,1385
17,swipe_left,40,524067,0,1060,158239,592
17,swipe_left,41,524087,-1,17446,159268,38
17,swipe_left,42,524107,-1,45611,83397,-45
17,swipe_left,43,524127,-1,72186,20821,-39
17,swipe_left,44,524147,-1,101381,4964,-28
17,swipe_left,45,524167,1,134306,2307,-20
17,swipe_left,46,524187,0,139053,288,-17
17,swipe_left,47,524207,1,162501,-49,-9
17,swipe_left,48,524227,0,161361,-124,-9
17,swipe_left,49,524247,0,319093,-140,-7
17,swipe_left,50,524267,3,236650,-129,-4
17,swipe_left,51,524287,16,74669,-87,-1
17,swipe_left,52,524307,2176,4632,-31,-1
17,swipe_left,53,524327,12101,455,-12,0
17,swipe_left,54,524347,39859,-37,-4,-1
17,swipe_left,55,524367,52756,-48,-5,-2
17,swipe_left,56,524387,64765,-29,-2,-1
17,swipe_left,57,524407,65943,-15,-1,3
17,swipe_left,58,524427,71873,-8,-1,-1
17,swipe_left,59,524447,80861,-6,-1,0
17,swipe_left,60,524467,44517,-7,-4,3
17,swipe_left,61,524487,3452,-3,2,3
17,swipe_left,62,524507,232,-2,-4,-4
17,swipe_left,63,524527,-24,-2,0,-3
18,swipe_left,0,527567,1,2,2,1
18,swipe_left,1,527587,0,-1,-1,-1
18,swipe_left,2,527607,2,1,-1,0
18,swipe_left,3,527627,2,0,-1,0
18,swipe_left,4,527647,0,1,0,1
18,swipe_left,5,527667,-1,1,-1,0
18,swipe_left,6,527687,0,1,-1,0
18,swipe_left,7,527707,0,0,0,1
18,swipe_left,8,527727,1,0,-1,1
18,swipe_left,9,527747,-1,-1,-1,-3
18,swipe_left,10,527767,0,0,-1,-1
18,swipe_left,11,527787,0,2,0,1
18,swipe_left,12,527807,2,1,2,1
18,swipe_left,13,527827,1,2,0,2
18,swipe_left,14,527847,1,1,0,1
18,swipe_left,15,527867,4,1,2,0
18,swipe_left,16,527887,3,-1,1,2
18,swipe_left,17,527907,2,0,-1,0
18,swipe_left,18,527927,2,2,4,4
18,swipe_left,19,527947,2,2,3,7
18,swipe_left,20,527967,0,0,1,6
18,swipe_left,21,527987,1,-2,2,6
18,swipe_left,22,528007,1,0,3,21
18,swipe_left,23,528027,1,0,2,71
18,swipe_left,24,528047,0,1,3,525
18,swipe_left,25,528067,0,-1,0,4244
18,swipe_left,26,528087,0,0,1,10062
18,swipe_left,27,528107,-1,0,0,19630
18,swipe_left,28,528127,0,0,-1,25842
18,swipe_left,29,528147,0,0,2,28654
18,swipe_left,30,528167,0,-2,11,53935
18,swipe_left,31,528187,-2,-1,17,86557
18,swipe_left,32,528207,0,0,24,127500
18,swipe_left,33,528227,0,1,26,127500
18,swipe_left,34,528247,-1,-1,50,268993
18,swipe_left,35,528267,-1,-1,50,268993
18,swipe_left,36,528287,-1,1,14278,269127
18,swipe_left,37,528307,-2,3,45030,36220
18,swipe_left,38,528327,-3,3,61042,8829
18,swipe_left,39,528347,-3,12,71474,600
18,swipe_left,40,528367,-2,1151,80318,-153
18,swipe_left,41,528387,-1,18057,12224,-152
18,swipe_left,42,528407,0,44481,1442,-77
18,swipe_left,43,528427,1,85965,270,-46
18,swipe_left,44,528447,0,170364,101,-36
18,swipe_left,45,528467,0,150893,22,-29
18,swipe_left,46,528487,3,159348,-21,-17
18,swipe_left,47,528507,8,24757,-17,-7
18,swipe_left,48,528527,69,1706,-5,-1
18,swipe_left,49,528547,5542,117,-3,-2
18,swipe_left,50,528567,22392,6,-1,-1
18,swipe_left,51,528587,33066,-4,0,-2
18,swipe_left,52,528607,46099,-3,0,2
18,swipe_left,53,528627,49012,-1,0,2
18,swipe_left,54,528647,40354,0,0,2
18,swipe_left,55,528667,53777,-1,1,3
18,swipe_left,56,528687,60981,-1,0,3
18,swipe_left,57,528707,49527,-1,0,2
18,swipe_left,58,528727,9705,-2,1,5
18,swipe_left,59,528747,821,0,0,1
18,swipe_left,60,528767,37,0,-1,-3
18,swipe_left,61,528787,-21,-1,-1,-6
18,swipe_left,62,528807,-11,0,-2,-3
18,swipe_left,63,528827,-3,-1,-1,-1
19,swipe_left,0,533267,1,1,0,1
19,swipe_left,1,533287,0,0,0,-1
19,swipe_left,2,533307,1,0,1,1
19,swipe_left,3,533327,0,0,-1,0
19,swipe_left,4,533347,-1,0,-3,-1
19,swipe_left,5,533367,0,0,1,0
19,swipe_left,6,533387,0,1,1,2
19,swipe_left,7,533407,2,1,0,1
19,swipe_left,8,533427,0,-1,-1,-1
19,swipe_left,9,533447,0,1,0,1
19,swipe_left,10,533467,1,-1,-1,0
19,swipe_left,11,533487,3,1,0,1
19,swipe_left,12,533507,3,-1,-2,0
19,swipe_left,13,533527,3,2,2,2
19,swipe_left,14,533547,1,0,1,0
19,swipe_left,15,533567,0,0,0,1
19,swipe_left,16,533587,0,-1,0,2
19,swipe_left,17,533607,0,0,1,0
19,swipe_left,18,533627,0,3,0,0
19,swipe_left,19,533647,1,0,2,10
19,swipe_left,20,533667,1,1,2,2446
19,swipe_left,21,533687,1,0,17,14069
19,swipe_left,22,533707,2,2,33,58040
19,swipe_left,23,533727,1,1,57,71259
19,swipe_left,24,533747,0,1,58,80859
19,swipe_left,25,533767,0,1,2317,109814
19,swipe_left,26,533787,0,2,6534,137272
19,swipe_left,27,533807,2,4,17904,130397
19,swipe_left,28,533827,3,4,43662,61291
19,swipe_left,29,533847,1,4,86025,15965
19,swipe_left,30,533867,0,22,98486,3936
19,swipe_left,31,533887,-1,134,110829,804
19,swipe_left,32,533907,-4,10516,97052,271
19,swipe_left,33,533927,0,41285,29989,-45
19,swipe_left,34,533947,1,91959,7370,-47
19,swipe_left,35,533967,1,101748,1683,-32
19,swipe_left,36,533987,2,117150,725,-26
19,swipe_left,37,534007,2,138897,244,-22
19,swipe_left,38,534027,4,134736,-18,-12
19,swipe_left,39,534047,11,121131,-49,-7
19,swipe_left,40,534067,21,18159,-23,-3
19,swipe_left,41,534087,1677,1140,-8,0
19,swipe_left,42,534107,17522,12,-4,1
19,swipe_left,43,534127,40373,-23,-3,0
19,swipe_left,44,534147,53225,-18,0,0
19,swipe_left,45,534167,59499,-12,-1,1
19,swipe_left,46,534187,67358,-3,0,1
19,swipe_left,47,534207,75316,1,0,0
19,swipe_left,48,534227,70488,-1,-1,-1
19,swipe_left,49,534247,74144,6,-1,-1
19,swipe_left,50,534267,78867,11,0,0
19,swipe_left,51,534287,80013,9,1,-1
19,swipe_left,52,534307,86144,-2,0,0
19,swipe_left,53,534327,85838,-6,1,2
19,swipe_left,54,534347,77322,-8,1,1
19,swipe_left,55,534367,44832,-10,2,4
19,swipe_left,56,534387,6547,-5,1,3
19,swipe_left,57,534407,279,-3,0,-1
19,swipe_left,58,534427,-4,-3,-2,-6
19,swipe_left,59,534447,-16,-2,-2,-1
19,swipe_left,60,534467,-11,0,1,-2
19,swipe_left,61,534487,-7,-1,0,1
19,swipe_left,62,534507,-3,0,0,0
19,swipe_left,63,534527,-1,-1,1,0
20,swipe_right,0,539007,0,1,0,0
20,swipe_right,1,539027,0,0,0,1
20,swipe_right,2,539047,-1,-2,-3,1
20,swipe_right,3,539067,1,1,-1,-1
20,swipe_right,4,539087,0,0,0,0
20,swipe_right,5,539107,0,0,3,2
20,swipe_right,6,539127,0,0,1,1
20,swipe_right,7,539147,0,0,0,1
20,swipe_right,8,539167,0,1,0,-2
20,swipe_right,9,539187,-1,1,0,-2
20,swipe_right,10,539207,1,0,0,0
20,swipe_right,11,539227,-1,0,-2,-1
20,swipe_right,12,539247,2,1,0,0
20,swipe_right,13,550187,2,0,2,-2
20,swipe_right,14,550207,-1,-1,0,0
20,swipe_right,15,550227,0,1,-1,0
20,swipe_right,16,550247,-1,0,1,1
20,swipe_right,17,550267,0,0,-2,0
20,swipe_right,18,550287,2,2,-1,0
20,swipe_right,19,550307,-1,-3,-1,0
20,swipe_right,20,550327,-1,1,1,-1
20,swipe_right,21,550347,-1,-1,1,1
20,swipe_right,22,550367,0,0,0,0
20,swipe_right,23,550387,0,1,0,1
20,swipe_right,24,550407,0,1,-2,-1
20,swipe_right,25,550427,0,0,1,-1
20,swipe_right,26,550447,1,1,1,-1
20,swipe_right,27,550467,1,0,1,-1
20,swipe_right,28,550487,2,1,1,1
20,swipe_right,29,550507,56,1,0,2
20,swipe_right,30,550527,25253,4,0,3
20,swipe_right,31,550547,37038,3,0,3
20,swipe_right,32,550567,51537,0,0,2
20,swipe_right,33,550587,58159,1,1,2
20,swipe_right,34,550607,61227,1,3,2
20,swipe_right,35,550627,51048,5,4,5
20,swipe_right,36,550647,38502,2,4,4
20,swipe_right,37,550667,42911,0,0,0
20,swipe_right,38,550687,42751,0,0,0
20,swipe_right,39,550707,65638,1,1,1
20,swipe_right,40,550727,87823,2,0,-3
20,swipe_right,41,550747,87823,2,0,-3
20,swipe_right,42,550767,227768,13,-1,-9
20,swipe_right,43,550787,7252,35,-2,-2
20,swipe_right,44,550807,842,14543,0,-1
20,swipe_right,45,550827,21,13161,5,0
20,swipe_right,46,550847,-6,10650,8,2
20,swipe_right,47,550867,-5,30737,12,-1
20,swipe_right,48,550887,-2,38203,21,1
20,swipe_right,49,550907,-2,78418,115,1
20,swipe_right,50,550927,1,28782,15605,10
20,swipe_right,51,550947,2,3896,32657,14
20,swipe_right,52,550967,3,1013,59919,15
20,swipe_right,53,550987,1,260,74587,13
20,swipe_right,54,551007,-2,47,84497,22
20,swipe_right,55,551027,-4,-6,121134,2543
20,swipe_right,56,551047,-4,-10,184223,6599
20,swipe_right,57,551067,-1,-11,94650,24234
20,swipe_right,58,551087,1,-7,31518,31490
20,swipe_right,59,551107,2,0,4103,33816
20,swipe_right,60,551127,1,-1,1086,58428
20,swipe_right,61,551147,1,0,279,128985
20,swipe_right,62,551167,2,0,116,140938
20,swipe_right,63,551187,0,-2,-2,150144
21,swipe_right,0,555367,1,1,0,0
21,swipe_right,1,555387,1,1,0,1
21,swipe_right,2,555407,0,-1,0,2
21,swipe_right,3,555427,1,-1,1,0
21,swipe_right,4,555447,0,0,0,0
21,swipe_right,5,555467,0,-2,0,0
21,swipe_right,6,555487,0,0,0,1
21,swipe_right,7,555507,0,2,0,1
21,swipe_right,8,555527,0,-1,-1,0
21,swipe_right,9,555547,1,0,-1,0
21,swipe_right,10,555567,0,0,-2,-1
21,swipe_right,11,555587,2,-1,-2,0
21,swipe_right,12,555607,3,0,0,0
21,swipe_right,13,555627,5,-1,2,0
21,swipe_right,14,555647,29,-2,1,2
21,swipe_right,15,555667,18,1,1,3
21,swipe_right,16,555687,17,0,0,0
21,swipe_right,17,555707,20,1,0,-1
21,swipe_right,18,555727,7,-1,-2,0
21,swipe_right,19,555747,-8,1,2,2
21,swipe_right,20,555767,9,1,4,14
21,swipe_right,21,555787,4888,0,3,5
21,swipe_right,22,555807,17654,3,0,-1
21,swipe_right,23,555827,37184,3,-2,-3
21,swipe_right,24,555847,21463,16,-2,-6
21,swipe_right,25,555867,1117,72,0,-2
21,swipe_right,26,555887,-78,1274,-1,-2
21,swipe_right,27,555907,-47,3476,3,0
21,swipe_right,28,555927,-16,6737,5,0
21,swipe_right,29,555947,-6,31571,12,1
21,swipe_right,30,555967,-1,21624,23,6
21,swipe_right,31,555987,0,22471,741,6
21,swipe_right,32,556007,1,7261,2306,8
21,swipe_right,33,556027,0,436,4497,3
21,swipe_right,34,556047,-2,41,8360,1
21,swipe_right,35,556067,-1,-11,16872,-2
21,swipe_right,36,556087,0,-20,23457,10
21,swipe_right,37,556107,2,-12,38166,27
21,swipe_right,38,556127,-1,-8,63910,673
21,swipe_right,39,556147,-2,-5,87012,2952
21,swipe_right,40,556167,-1,-3,35619,3845
21,swipe_right,41,556187,1,-2,2880,4817
21,swipe_right,42,556207,0,-1,329,5708
21,swipe_right,43,556227,-2,-1,19,9915
21,swipe_right,44,556247,-1,-2,-55,20420
21,swipe_right,45,556267,-1,-1,-46,51369
21,swipe_right,46,556287,0,-2,-34,117843
21,swipe_right,47,556307,2,-1,-27,121005
21,swipe_right,48,556327,3,0,-18,131071
21,swipe_right,49,556347,4,1,-11,115491
21,swipe_right,50,556367,2,1,-10,123023
21,swipe_right,51,556387,2,0,-4,41121
21,swipe_right,52,556407,2,1,-1,10372
21,swipe_right,53,556427,0,1,1,1192
21,swipe_right,54,556447,-1,0,-1,222
21,swipe_right,55,556467,-4,-1,-3,-10
21,swipe_right,56,556487,-5,1,-2,-48
21,swipe_right,57,556507,-3,0,-1,-31
21,swipe_right,58,556527,-2,-1,0,-13
21,swipe_right,59,556547,0,-1,-2,-8
21,swipe_right,60,556567,-1,-1,-2,-2
21,swipe_right,61,556587,2,2,1,1
21,swipe_right,62,556607,0,0,-1,-1
21,swipe_right,63,556627,1,-1,0,-1
22,swipe_right,0,559407,0,1,0,0
22,swipe_right,1,559427,0,-1,-1,-1
22,swipe_right,2,559447,0,0,0,1
22,swipe_right,3,559467,1,0,1,1
22,swipe_right,4,559487,0,0,-1,-1
22,swipe_right,5,559507,0,0,0,-1
22,swipe_right,6,559527,0,0,-1,0
22,swipe_right,7,559547,0,2,1,1
22,swipe_right,8,559567,0,1,1,1
22,swipe_right,9,559587,0,-1,-1,-1
22,swipe_right,10,559607,1,0,-1,0
22,swipe_right,11,559627,-1,-1,-1,-2
22,swipe_right,12,559647,1,1,0,-1
22,swipe_right,13,559667,5,1,1,1
22,swipe_right,14,559687,5,0,-1,-2
22,swipe_right,15,559707,3,1,0,1
22,swipe_right,16,559727,3,-1,1,0
22,swipe_right,17,559747,2,1,0,0
22,swipe_right,18,559767,1,1,2,0
22,swipe_right,19,559787,1,-1,-1,0
22,swipe_right,20,559807,1,2,0,0
22,swipe_right,21,559827,24,0,1,0
22,swipe_right,22,559847,41,3,4,9
22,swipe_right,23,559867,1892,0,2,8
22,swipe_right,24,559887,17752,2,0,1
22,swipe_right,25,559907,18172,2,0,-2
22,swipe_right,26,559927,19966,0,0,-3
22,swipe_right,27,559947,127310,9,-3,-5
22,swipe_right,28,559967,28538,27,-1,-5
22,swipe_right,29,559987,1935,14419,0,-2
22,swipe_right,30,560007,-3,13246,1,0
22,swipe_right,31,560027,-42,9324,1,0
22,swipe_right,32,560047,-19,12401,9,1
22,swipe_right,33,560067,-5,21892,10,1
22,swipe_right,34,560087,0,32877,15,0
22,swipe_right,35,560107,0,57994,25,1
22,swipe_right,36,560127,0,94984,1593,2
22,swipe_right,37,560147,0,71263,12952,4
22,swipe_right,38,560167,3,20608,14473,9
22,swipe_right,39,560187,1,7787,25522,11
22,swipe_right,40,560207,2,2014,26519,10
22,swipe_right,41,560227,1,243,29982,8
22,swipe_right,42,560247,-1,15,25291,4
22,swipe_right,43,560267,-3,-22,36321,15
22,swipe_right,44,560287,-3,-19,87592,5447
22,swipe_right,45,560307,-2,-15,123041,12613
22,swipe_right,46,560327,-1,-9,84400,16759
22,swipe_right,47,560347,1,-5,35866,7745
22,swipe_right,48,560367,3,0,12400,9445
22,swipe_right,49,560387,2,-1,4081,16771
22,swipe_right,50,560407,2,1,428,21249
22,swipe_right,51,560427,-2,0,70,42274
22,swipe_right,52,560447,-3,-2,43,93598
22,swipe_right,53,560467,-3,-2,9,109465
22,swipe_right,54,560487,-1,0,-24,199041
22,swipe_right,55,560507,-1,0,-24,199041
22,swipe_right,56,560527,-1,0,-24,199041
22,swipe_right,57,560547,-1,-2,-42,316887
22,swipe_right,58,560567,-4,-2,-36,104208
22,swipe_right,59,560587,-4,-3,-16,70399
22,swipe_right,60,560607,-6,-1,-8,9464
22,swipe_right,61,560627,-2,0,-3,608
22,swipe_right,62,560647,1,1,0,-14
22,swipe_right,63,560667,0,-1,0,-23
23,swipe_right,0,563307,1,2,1,3
23,swipe_right,1,563327,1,-1,0,0
23,swipe_right,2,563347,0,0,1,-1
23,swipe_right,3,563367,0,0,0,-1
23,swipe_right,4,563387,-2,-1,-1,0
23,swipe_right,5,563407,-1,-2,-1,-2
23,swipe_right,6,563427,0,2,1,0
23,swipe_right,7,563447,0,0,1,1
23,swipe_right,8,563467,0,1,-2,-2
23,swipe_right,9,563487,2,1,1,-1
23,swipe_right,10,563507,1,0,0,0
23,swipe_right,11,563527,0,0,1,-1
23,swipe_right,12,563547,1,3,1,2
23,swipe_right,13,563567,0,0,-1,0
23,swipe_right,14,563587,0,0,-2,-1
23,swipe_right,15,563607,1,0,0,1
23,swipe_right,16,563627,0,1,1,1
23,swipe_right,17,563647,0,0,-1,2
23,swipe_right,18,563667,-2,-2,-1,-1
23,swipe_right,19,563687,1,0,0,-1
23,swipe_right,20,563707,0,0,1,-1
23,swipe_right,21,563727,1,1,-1,-1
23,swipe_right,22,563747,7,1,2,1
23,swipe_right,23,563767,5,1,0,-2
23,swipe_right,24,563787,6,0,0,1
23,swipe_right,25,563807,5,1,1,1
23,swipe_right,26,563827,3,1,0,0
23,swipe_right,27,563847,11,0,0,-1
23,swipe_right,28,563867,24,0,0,1
23,swipe_right,29,563887,15,0,-1,-1
23,swipe_right,30,563907,14,0,1,0
23,swipe_right,31,563927,10421,2,1,-1
23,swipe_right,32,563947,12435,2,1,11
23,swipe_right,33,563967,31822,1,-1,0
23,swipe_right,34,563987,36978,2,-1,-3
23,swipe_right,35,564007,273247,29,-1,-3
23,swipe_right,36,564027,19721,3778,-1,-5
23,swipe_right,37,564047,2369,15118,-1,-4
23,swipe_right,38,564067,36,9769,2,1
23,swipe_right,39,564087,-36,18600,5,0
23,swipe_right,40,564107,-15,28935,6,1
23,swipe_right,41,564127,-8,47730,8,1
23,swipe_right,42,564147,-4,37004,11,-1
23,swipe_right,43,564167,-1,35358,18,0
23,swipe_right,44,564187,-3,92876,528,0
23,swipe_right,45,564207,-3,247478,528,0
23,swipe_right,46,564227,0,228040,9222,6
23,swipe_right,47,564247,1,118917,19302,7
23,swipe_right,48,564267,1,24620,16429,11
23,swipe_right,49,564287,2,3912,34030,14
23,swipe_right,50,564307,1,393,44903,14
23,swipe_right,51,564327,1,24,57810,16
23,swipe_right,52,564347,-2,-48,58319,243
23,swipe_right,53,564367,-2,-35,80441,7592
23,swipe_right,54,564387,-1,-24,61490,22578
23,swipe_right,55,564407,2,-10,11595,17631
23,swipe_right,56,564427,2,-2,2414,21730
23,swipe_right,57,564447,0,-2,611,22517
23,swipe_right,58,564467,-1,0,152,26082
23,swipe_right,59,564487,0,0,33,43631
23,swipe_right,60,564507,0,0,-28,57697
23,swipe_right,61,564527,1,-1,-32,81041
23,swipe_right,62,564547,0,-1,-52,132926
23,swipe_right,63,564567,0,-1,-57,146063
24,swipe_right,0,567407,-1,0,1,1
24,swipe_right,1,567427,-1,1,0,0
24,swipe_right,2,567447,-1,0,0,-1
24,swipe_right,3,567467,1,0,0,1
24,swipe_right,4,567487,0,0,0,0
24,swipe_right,5,567507,0,0,-1,1
24,swipe_right,6,567527,0,-2,-3,-1
24,swipe_right,7,567547,-1,1,2,0
24,swipe_right,8,567567,1,1,0,0
24,swipe_right,9,567587,1,-1,1,-1
24,swipe_right,10,567607,2,0,-2,0
24,swipe_right,11,567627,0,-1,-2,-1
24,swipe_right,12,567647,7,2,0,1
24,swipe_right,13,567667,6,0,0,0
24,swipe_right,14,567687,9,1,0,-2
24,swipe_right,15,567707,2,0,-1,0
24,swipe_right,16,567727,1,-1,0,0
24,swipe_right,17,567747,5,2,-1,0
24,swipe_right,18,567767,33,2,0,2
24,swipe_right,19,567787,31,2,4,14
24,swipe_right,20,567807,1872,0,2,5
24,swipe_right,21,567827,7588,2,0,-1
24,swipe_right,22,567847,20840,3,-1,-3
24,swipe_right,23,567867,36191,4,-2,-7
24,swipe_right,24,567887,54580,22,-4,-7
24,swipe_right,25,567907,5782,728,3,-4
24,swipe_right,26,567927,268,1859,0,-1
24,swipe_right,27,567947,-24,10425,1,-2
24,swipe_right,28,567967,-16,9808,7,1
24,swipe_right,29,567987,-8,13727,9,-1
24,swipe_right,30,568007,-3,22266,12,0
24,swipe_right,31,568027,-1,51483,31,1
24,swipe_right,32,568047,-1,97955,1904,0
24,swipe_right,33,568067,0,118533,13296,4
24,swipe_right,34,568087,1,76953,50317,5
24,swipe_right,35,568107,4,15413,53058,16
24,swipe_right,36,568127,2,6731,46415,10
24,swipe_right,37,568147,1,882,34660,9
24,swipe_right,38,568167,2,108,43951,10
24,swipe_right,39,568187,0,-5,40171,29
24,swipe_right,40,568207,-2,-19,59191,765
24,swipe_right,41,568227,-2,-17,78148,14725
24,swipe_right,42,568247,-4,-15,135423,18898
24,swipe_right,43,568267,-3,-9,142313,25134
24,swipe_right,44,568287,1,-3,100007,27600
24,swipe_right,45,568307,0,-3,17825,26010
24,swipe_right,46,568327,1,-1,1468,22660
24,swipe_right,47,568347,0,0,334,24623
24,swipe_right,48,568367,0,-2,71,40995
24,swipe_right,49,568387,-1,0,9,57378
24,swipe_right,50,568407,2,1,-29,51922
24,swipe_right,51,568427,0,-2,-33,57955
24,swipe_right,52,568447,0,0,-34,68412
24,swipe_right,53,568467,-2,-2,-26,53267
24,swipe_right,54,568487,-2,-1,-13,53836
24,swipe_right,55,568507,-2,-1,-10,72262
24,swipe_right,56,568527,0,0,-6,82584
24,swipe_right,57,568547,2,2,-1,91262
24,swipe_right,58,568567,2,0,0,102359
24,swipe_right,59,568587,2,0,-3,103467
24,swipe_right,60,568607,1,-1,-3,86292
24,swipe_right,61,568627,2,1,-4,63798
24,swipe_right,62,568647,1,0,0,43568
24,swipe_right,63,568667,0,0,0,25449
25,swipe_right,0,572167,0,0,1,-2
25,swipe_right,1,572187,-1,-1,-2,-1
25,swipe_right,2,572207,0,0,0,0
25,swipe_right,3,572227,0,2,1,1
25,swipe_right,4,572247,1,1,0,1
25,swipe_right,5,572267,1,0,0,1
25,swipe_right,6,572287,1,2,2,0
25,swipe_right,7,572307,0,-1,-1,1
25,swipe_right,8,572327,1,-2,1,0
25,swipe_right,9,572347,-1,1,1,1
25,swipe_right,10,572367,0,1,0,1
25,swipe_right,11,572387,-1,-1,-1,-1
25,swipe_right,12,572407,2,0,0,0
25,swipe_right,13,572427,0,-2,-1,-2
25,swipe_right,14,572447,3,0,0,2
25,swipe_right,15,572467,5,1,2,2
25,swipe_right,16,572487,4,1,0,-2
25,swipe_right,17,572507,5,1,0,0
25,swipe_right,18,572527,5,0,-1,1
25,swipe_right,19,572547,17,1,1,1
25,swipe_right,20,572567,13,0,2,9
25,swipe_right,21,572587,7776,1,2,7
25,swipe_right,22,572607,8888,1,0,-3
25,swipe_right,23,572627,13058,0,0,-3
25,swipe_right,24,572647,43845,1,-4,-4
25,swipe_right,25,572667,29672,4,-2,-5
25,swipe_right,26,572687,2572,28,1,-3
25,swipe_right,27,572707,72,139,0,0
25,swipe_right,28,572727,-24,3831,2,0
25,swipe_right,29,572747,-11,2521,3,1
25,swipe_right,30,572767,-4,5538,2,2
25,swipe_right,31,572787,-1,9267,4,0
25,swipe_right,32,572807,0,30411,6,0
25,swipe_right,33,572827,-1,48852,26,-1
25,swipe_right,34,572847,0,7113,1386,12
25,swipe_right,35,572867,3,492,3849,7
25,swipe_right,36,572887,4,-62,5060,3
25,swipe_right,37,572907,3,-36,14752,2
25,swipe_right,38,572927,1,-22,23892,3
25,swipe_right,39,572947,1,-19,25608,3
25,swipe_right,40,572967,-3,-29,30133,-3
25,swipe_right,41,572987,-6,-23,68132,27
25,swipe_right,42,573007,-2,-7,9507,275
25,swipe_right,43,573027,0,-3,644,603
25,swipe_right,44,573047,-2,-1,-10,7285
25,swipe_right,45,573067,-3,-1,-34,13615
25,swipe_right,46,573087,0,0,-19,24812
25,swipe_right,47,573107,3,0,-8,42421
25,swipe_right,48,573127,4,1,-6,65574
25,swipe_right,49,573147,4,0,-5,119897
25,swipe_right,50,573167,-2,1,-2,18190
25,swipe_right,51,573187,-2,0,0,699
25,swipe_right,52,573207,-1,0,-1,-235
25,swipe_right,53,573227,0,-1,-2,-119
25,swipe_right,54,573247,-1,-1,-1,-44
25,swipe_right,55,573267,3,0,1,-16
25,swipe_right,56,573287,3,0,1,-5
25,swipe_right,57,573307,1,0,2,-1
25,swipe_right,58,573327,1,0,0,-1
25,swipe_right,59,573347,1,0,2,-3
25,swipe_right,60,573367,1,0,0,-3
25,swipe_right,61,573387,-3,-2,-2,-2
25,swipe_right,62,573407,-6,-1,-1,0
25,swipe_right,63,573427,-1,-1,0,0
26,swipe_right,0,576667,0,1,1,0
26,swipe_right,1,576687,-1,1,-1,-1
26,swipe_right,2,576707,0,1,0,2
26,swipe_right,3,576727,1,0,-1,0
26,swipe_right,4,576747,0,0,-1,-1
26,swipe_right,5,576767,1,0,0,1
26,swipe_right,6,576787,3,1,1,0
26,swipe_right,7,576807,3,1,0,-1
26,swipe_right,8,576827,2,0,0,0
26,swipe_right,9,576847,4,2,-1,1
26,swipe_right,10,576867,2,0,0,1
26,swipe_right,11,576887,3,0,0,0
26,swipe_right,12,576907,4,0,1,-1
26,swipe_right,13,576927,26,0,-1,-2
26,swipe_right,14,576947,2788,0,-2,-1
26,swipe_right,15,576967,46052,0,0,1
26,swipe_right,16,576987,52176,4,2,4
26,swipe_right,17,577007,105986,9,1,0
26,swipe_right,18,577027,42708,20483,3,-2
26,swipe_right,19,577047,5210,36375,11,-1
26,swipe_right,20,577067,1185,60440,30,-1
26,swipe_right,21,577087,518,116189,33878,2
26,swipe_right,22,577107,188,82851,75062,18
26,swipe_right,23,577127,5,20788,86175,41
26,swipe_right,24,577147,-25,10395,137645,20008
26,swipe_right,25,577167,-23,2591,60339,48204
26,swipe_right,26,577187,-19,1290,30281,63143
26,swipe_right,27,577207,-19,1290,30281,63143
26,swipe_right,28,577227,-15,642,15125,242161
26,swipe_right,29,577247,-3,39,924,16582
26,swipe_right,30,577267,2,1,52,1519
26,swipe_right,31,577287,0,-2,1,365
26,swipe_right,32,577307,-3,-1,-5,28
26,swipe_right,33,577327,0,0,-1,-37
26,swipe_right,34,577347,0,0,0,-19
26,swipe_right,35,577367,1,0,2,-8
26,swipe_right,36,577387,-2,0,0,-5
26,swipe_right,37,577407,0,1,0,-4
26,swipe_right,38,577427,0,0,-1,-1
26,swipe_right,39,577447,-3,-2,-5,-7
26,swipe_right,40,577467,-11,-6,-7,-8
26,swipe_right,41,577487,-3,-1,-2,-1
26,swipe_right,42,577507,-1,1,0,-1
26,swipe_right,43,577527,0,-1,-2,-1
26,swipe_right,44,577547,0,0,2,0
26,swipe_right,45,577567,-1,0,0,0
26,swipe_right,46,577587,0,0,-1,1
26,swipe_right,47,577607,0,0,0,1
26,swipe_right,48,577627,-1,0,1,0
26,swipe_right,49,577647,-1,0,-1,0
26,swipe_right,50,577667,0,0,1,0
26,swipe_right,51,577687,0,-1,-2,-1
26,swipe_right,52,577707,1,-1,0,2
26,swipe_right,53,577727,1,1,0,0
26,swipe_right,54,577747,0,0,-1,0
26,swipe_right,55,577767,-1,0,0,1
26,swipe_right,56,577787,-1,-1,-1,-1
26,swipe_right,57,577807,-1,0,1,0
26,swipe_right,58,577827,-1,0,1,-1
26,swipe_right,59,577847,-1,1,-1,0
26,swipe_right,60,577867,-1,-1,-1,0
26,swipe_right,61,577887,-2,0,0,-1
26,swipe_right,62,577907,0,0,0,1
26,swipe_right,63,577927,0,1,1,2
27,swipe_right,0,580047,0,1,0,1
27,swipe_right,1,580067,0,-1,-1,1
27,swipe_right,2,580087,0,-1,1,1
27,swipe_right,3,580107,1,-1,-2,0
27,swipe_right,4,580127,2,2,0,1
27,swipe_right,5,580147,1,1,-1,1
27,swipe_right,6,580167,0,1,-1,-3
27,swipe_right,7,580187,3,-1,0,1
27,swipe_right,8,580207,4,0,0,0
27,swipe_right,9,580227,7,0,2,1
27,swipe_right,10,580247,20,1,1,1
27,swipe_right,11,580267,2899,2,3,7
27,swipe_right,12,580287,16230,4,1,4
27,swipe_right,13,580307,59948,9,-1,-3
27,swipe_right,14,580327,11299,7684,-1,-5
27,swipe_right,15,580347,1297,16591,4,-2
27,swipe_right,16,580367,9,16884,8,0
27,swipe_right,17,580387,-23,25769,37,1
27,swipe_right,18,580407,-16,83668,775,0
27,swipe_right,19,580427,-9,30048,54643,11
27,swipe_right,20,580447,-1,7812,78704,21
27,swipe_right,21,580467,1,1904,99241,20
27,swipe_right,22,580487,1,387,90662,118
27,swipe_right,23,580507,-2,28,116407,12853
27,swipe_right,24,580527,2,-13,77904,28626
27,swipe_right,25,580547,1,-24,9890,39853
27,swipe_right,26,580567,-1,-18,2452,61965
27,swipe_right,27,580587,1,-12,1197,155912
27,swipe_right,28,580607,4,-9,572,209219
27,swipe_right,29,580627,5,-3,114,165542
27,swipe_right,30,580647,2,0,14,66029
27,swipe_right,31,580667,0,-1,-6,12053
27,swipe_right,32,580687,0,0,-4,2211
27,swipe_right,33,580707,-1,-1,-3,224
27,swipe_right,34,580727,-2,-2,-3,-32
27,swipe_right,35,580747,-1,0,-4,-26
27,swipe_right,36,580767,2,1,5,-10
27,swipe_right,37,580787,1,1,3,1
27,swipe_right,38,580807,1,2,5,4
27,swipe_right,39,580827,1,-1,-1,1
27,swipe_right,40,580847,-2,0,-3,-5
27,swipe_right,41,580867,-18,-4,-4,-9
27,swipe_right,42,580887,-3,-1,-2,-1
27,swipe_right,43,580907,0,0,1,0
27,swipe_right,44,580927,0,0,0,-2
27,swipe_right,45,580947,0,-1,0,1
27,swipe_right,46,580967,-1,-1,0,-1
27,swipe_right,47,580987,1,-1,0,2
27,swipe_right,48,581007,0,2,1,0
27,swipe_right,49,581027,0,-1,1,1
27,swipe_right,50,581047,-1,-1,0,-1
27,swipe_right,51,581067,1,-1,-1,0
27,swipe_right,52,581087,0,0,-1,1
27,swipe_right,53,581107,-1,2,0,0
27,swipe_right,54,581127,0,0,2,0
27,swipe_right,55,581147,1,1,2,1
27,swipe_right,56,581167,1,1,1,1
27,swipe_right,57,581187,0,1,1,0
27,swipe_right,58,581207,1,0,-1,0
27,swipe_right,59,581227,2,0,-1,1
27,swipe_right,60,581247,0,0,1,0
27,swipe_right,61,581267,0,-2,-1,0
27,swipe_right,62,581287,0,-1,-1,1
27,swipe_right,63,581307,0,-1,-1,0
28,swipe_right,0,585847,0,3,1,1
28,swipe_right,1,585867,0,0,1,0
28,swipe_right,2,585887,-1,-1,0,0
28,swipe_right,3,585907,1,-1,1,0
28,swipe_right,4,585927,0,0,0,0
28,swipe_right,5,585947,-1,1,-1,-2
28,swipe_right,6,585967,0,-1,1,-1
28,swipe_right,7,585987,1,1,0,-1
28,swipe_right,8,586007,1,0,-1,0
28,swipe_right,9,586027,0,1,-1,0
28,swipe_right,10,586047,0,-1,1,1
28,swipe_right,11,586067,0,0,0,0
28,swipe_right,12,588447,2,0,0,2
28,swipe_right,13,588467,1,0,0,1
28,swipe_right,14,588487,0,-1,-2,1
28,swipe_right,15,588507,0,0,-1,1
28,swipe_right,16,588527,1,1,0,-1
28,swipe_right,17,588547,-1,1,-1,-1
28,swipe_right,18,588567,-1,-2,1,0
28,swipe_right,19,588587,0,0,-1,0
28,swipe_right,20,588607,0,-1,-1,1
28,swipe_right,21,588627,1,1,1,-1
28,swipe_right,22,588647,0,0,0,0
28,swipe_right,23,588667,0,-2,0,0
28,swipe_right,24,588687,0,0,-1,0
28,swipe_right,25,588707,1,-2,-1,-1
28,swipe_right,26,588727,17,2,2,3
28,swipe_right,27,588747,57,0,2,6
28,swipe_right,28,588767,2087,1,1,3
28,swipe_right,29,588787,4873,1,-1,1
28,swipe_right,30,588807,4824,0,-4,-3
28,swipe_right,31,588827,4662,2,4,7
28,swipe_right,32,588847,5205,1,2,7
28,swipe_right,33,588867,8693,2,0,2
28,swipe_right,34,588887,24598,2,-3,-5
28,swipe_right,35,588907,60983,15,-2,-8
28,swipe_right,36,588927,9754,4682,-1,-6
28,swipe_right,37,588947,353,5316,2,-2
28,swipe_right,38,588967,-87,23321,7,-1
28,swipe_right,39,588987,-59,48621,15,1
28,swipe_right,40,589007,-27,49435,30,2
28,swipe_right,41,589027,-20,64012,43,3
28,swipe_right,42,589047,-13,219757,3724,5
28,swipe_right,43,589067,-11,116505,21804,9
28,swipe_right,44,589087,-1,14585,53883,26
28,swipe_right,45,589107,-3,3601,61733,244
28,swipe_right,46,589127,-3,1767,90839,1293
28,swipe_right,47,589147,0,174,27975,8289
28,swipe_right,48,589167,0,5,3671,20188
28,swipe_right,49,589187,-1,-7,462,33668
28,swipe_right,50,589207,0,-5,82,55999
28,swipe_right,51,589227,2,-2,30,134637
28,swipe_right,52,589247,3,0,5,209656
28,swipe_right,53,589267,2,-1,-6,278678
28,swipe_right,54,589287,2,-1,-11,336088
28,swipe_right,55,589307,2,0,-12,250269
28,swipe_right,56,589327,1,1,-12,145588
28,swipe_right,57,589347,2,0,-5,27042
28,swipe_right,58,589367,0,0,-3,2306
28,swipe_right,59,589387,-6,-3,-6,33
28,swipe_right,60,589407,-6,-1,-3,-52
28,swipe_right,61,589427,-8,-3,-2,-28
28,swipe_right,62,589447,-1,0,-3,-12
28,swipe_right,63,589467,-2,0,-1,-5
29,swipe_right,0,593087,1,0,0,1
29,swipe_right,1,593107,-2,-1,0,-1
29,swipe_right,2,593127,2,0,0,2
29,swipe_right,3,593147,0,-1,1,-1
29,swipe_right,4,593167,0,1,0,0
29,swipe_right,5,593187,0,0,0,-1
29,swipe_right,6,593207,0,0,1,0
29,swipe_right,7,593227,1,0,0,0
29,swipe_right,8,593247,7,1,2,2
29,swipe_right,9,593267,36,1,-1,0
29,swipe_right,10,593287,155,0,0,-1
29,swipe_right,11,593307,4954,-1,0,-1
29,swipe_right,12,593327,1409,1,1,1
29,swipe_right,13,593347,242,-1,0,5
29,swipe_right,14,593367,4525,0,2,8
29,swipe_right,15,593387,2858,-1,-1,0
29,swipe_right,16,593407,25782,3,-2,-4
29,swipe_right,17,593427,48286,9,-1,-5
29,swipe_right,18,593447,20363,52,-2,-7
29,swipe_right,19,593467,892,5443,0,-4
29,swipe_right,20,593487,-169,10738,5,0
29,swipe_right,21,593507,-97,13131,8,1
29,swipe_right,22,593527,-33,24506,16,3
29,swipe_right,23,593547,-12,45632,27,1
29,swipe_right,24,593567,-10,118874,61,1
29,swipe_right,25,593587,-4,56801,6523,5
29,swipe_right,26,593607,1,7619,21666,16
29,swipe_right,27,593627,-3,891,37602,14
29,swipe_right,28,593647,-2,174,85300,100
29,swipe_right,29,593667,0,0,28197,3929
29,swipe_right,30,593687,0,-9,2246,4466
29,swipe_right,31,593707,-2,-5,278,20897
29,swipe_right,32,593727,-2,-2,40,55241
29,swipe_right,33,593747,-2,-2,40,55241
29,swipe_right,34,593767,-2,-2,40,55241
29,swipe_right,35,593787,-2,-2,40,55241
29,swipe_right,36,593807,2,-2,40,781812
29,swipe_right,37,593827,2,0,3,781812
29,swipe_right,38,593847,2,1,-18,156336
29,swipe_right,39,593867,1,0,-7,10247
29,swipe_right,40,593887,0,-1,-3,607
29,swipe_right,41,593907,0,0,-1,-16
29,swipe_right,42,593927,1,2,1,-12
29,swipe_right,43,593947,-2,-1,-2,-10
29,swipe_right,44,593967,-6,-3,-3,-5
29,swipe_right,45,593987,-9,-3,-3,-6
29,swipe_right,46,594007,-3,-2,-1,-1
29,swipe_right,47,594027,-1,2,2,1
29,swipe_right,48,594047,0,0,1,0
29,swipe_right,49,594067,-1,0,-1,-1
29,swipe_right,50,594087,-1,0,0,-3
29,swipe_right,51,594107,0,-1,2,1
29,swipe_right,52,594127,0,0,-1,-1
29,swipe_right,53,594147,-1,-4,-1,0
29,swipe_right,54,594167,2,0,1,0
29,swipe_right,55,594187,-1,0,0,-1
29,swipe_right,56,594207,0,-1,0,-2
29,swipe_right,57,594227,0,0,0,1
29,swipe_right,58,594247,0,1,1,0
29,swipe_right,59,594267,-1,0,0,-1
29,swipe_right,60,594287,0,-1,-1,0
29,swipe_right,61,594307,0,0,0,0
29,swipe_right,62,594327,-2,-1,-1,-1
29,swipe_right,63,594347,0,0,0,0
30,swipe_right,0,597447,0,1,-1,0
30,swipe_right,1,597467,0,-1,-5,-2
30,swipe_right,2,597487,1,1,0,0
30,swipe_right,3,597507,-1,-1,1,-2
30,swipe_right,4,597527,1,0,1,1
30,swipe_right,5,597547,0,0,1,0
30,swipe_right,6,597567,0,0,1,0
30,swipe_right,7,597587,1,0,1,0
30,swipe_right,8,597607,0,0,-2,0
30,swipe_right,9,597627,-1,1,-2,0
30,swipe_right,10,597647,1,1,1,-1
30,swipe_right,11,597667,0,1,1,0
30,swipe_right,12,597687,0,0,0,1
30,swipe_right,13,597707,0,1,0,0
30,swipe_right,14,597727,0,-1,0,-1
30,swipe_right,15,597747,1,0,0,-1
30,swipe_right,16,597767,1,1,1,0
30,swipe_right,17,597787,0,1,0,1
30,swipe_right,18,597807,2,1,0,3
30,swipe_right,19,597827,3,-1,-1,0
30,swipe_right,20,597847,3,1,-1,-1
30,swipe_right,21,597867,1,0,0,1
30,swipe_right,22,597887,41,2,2,1
30,swipe_right,23,597907,35,0,1,-1
30,swipe_right,24,597927,6903,-1,0,0
30,swipe_right,25,597947,18105,5,4,5
30,swipe_right,26,597967,29116,5,1,4
30,swipe_right,27,597987,67467,9,1,0
30,swipe_right,28,598007,68843,48,-3,-6
30,swipe_right,29,598027,5253,2602,-1,-3
30,swipe_right,30,598047,566,27372,4,-2
30,swipe_right,31,598067,16,27452,11,-1
30,swipe_right,32,598087,-19,38868,28,0
30,swipe_right,33,598107,-13,59819,1153,2
30,swipe_right,34,598127,-10,137793,17385,4
30,swipe_right,35,598147,-4,55751,46123,15
30,swipe_right,36,598167,-1,14598,72643,26
30,swipe_right,37,598187,0,3608,92633,32
30,swipe_right,38,598207,-1,1747,112927,8424
30,swipe_right,39,598227,-2,332,115591,13885
30,swipe_right,40,598247,0,39,52041,29405
30,swipe_right,41,598267,0,-19,6727,35990
30,swipe_right,42,598287,-1,-16,1810,62534
30,swipe_right,43,598307,-1,-7,542,63798
30,swipe_right,44,598327,0,-4,58,63446
30,swipe_right,45,598347,1,-2,-1,75726
30,swipe_right,46,598367,1,1,-10,115420
30,swipe_right,47,598387,1,2,-12,133283
30,swipe_right,48,598407,3,1,-8,133945
30,swipe_right,49,598427,1,1,-5,83046
30,swipe_right,50,598447,0,-1,-4,24665
30,swipe_right,51,598467,0,1,-1,2291
30,swipe_right,52,598487,-4,-2,-3,279
30,swipe_right,53,598507,-5,-1,-3,33
30,swipe_right,54,598527,-7,-3,-3,-48
30,swipe_right,55,598547,-2,1,1,-36
30,swipe_right,56,598567,-2,-3,-1,-17
30,swipe_right,57,598587,0,-2,-2,-7
30,swipe_right,58,598607,1,1,1,0
30,swipe_right,59,598627,0,1,1,-2
30,swipe_right,60,598647,0,0,0,-1
30,swipe_right,61,598667,0,0,0,1
30,swipe_right,62,598687,2,1,2,1
30,swipe_right,63,598707,-2,-2,0,0
31,swipe_right,0,602547,1,1,0,0
31,swipe_right,1,602567,0,-1,-1,-1
31,swipe_right,2,602587,1,-1,0,0
31,swipe_right,3,602607,1,0,0,0
31,swipe_right,4,602627,0,1,0,0
31,swipe_right,5,602647,0,0,-1,0
31,swipe_right,6,602667,0,1,0,0
31,swipe_right,7,602687,1,0,0,1
31,swipe_right,8,602707,1,1,2,1
31,swipe_right,9,602727,0,0,0,-1
31,swipe_right,10,602747,0,0,0,0
31,swipe_right,11,602767,1,-2,-2,0
31,swipe_right,12,602787,31,1,1,0
31,swipe_right,13,602807,5463,1,1,7
31,swipe_right,14,602827,21294,0,1,3
31,swipe_right,15,602847,30475,-1,2,3
31,swipe_right,16,602867,37581,1,3,5
31,swipe_right,17,602887,15818,1,1,3
31,swipe_right,18,602907,20821,3,0,-1
31,swipe_right,19,602927,65931,8,0,-1
31,swipe_right,20,602947,88326,16,-2,-8
31,swipe_right,21,602967,46961,75,-1,-7
31,swipe_right,22,602987,3244,14380,0,-2
31,swipe_right,23,603007,334,36697,4,0
31,swipe_right,24,603027,6,28007,5,0
31,swipe_right,25,603047,-16,27787,7,1
31,swipe_right,26,603067,-8,33548,12,0
31,swipe_right,27,603087,-4,46292,19,1
31,swipe_right,28,603107,-3,53169,34,2
31,swipe_right,29,603127,-3,88222,3988,1
31,swipe_right,30,603147,-3,324519,3988,1
31,swipe_right,31,603167,1,116266,35759,15
31,swipe_right,32,603187,2,32036,56677,23
31,swipe_right,33,603207,2,4208,59404,14
31,swipe_right,34,603227,1,1016,74782,13
31,swipe_right,35,603247,-1,165,79196,4187
31,swipe_right,36,603267,-1,48,126233,13996
31,swipe_right,37,603287,1,-22,136492,28801
31,swipe_right,38,603307,2,-23,36201,20110
31,swipe_right,39,603327,1,-9,5035,17722
31,swipe_right,40,603347,0,-6,355,25319
31,swipe_right,41,603367,-1,-4,67,46741
31,swipe_right,42,603387,-1,-3,-3,114535
31,swipe_right,43,603407,-1,-1,-15,157629
31,swipe_right,44,603427,0,0,-15,128631
31,swipe_right,45,603447,0,-1,-7,15667
31,swipe_right,46,603467,-1,0,-3,1430
31,swipe_right,47,603487,-2,-1,-3,28
31,swipe_right,48,603507,-2,-1,-1,-15
31,swipe_right,49,603527,-1,-2,0,-10
31,swipe_right,50,603547,2,0,1,-3
31,swipe_right,51,603567,0,0,0,0
31,swipe_right,52,603587,1,0,-1,-2
31,swipe_right,53,603607,-8,-2,-4,-3
31,swipe_right,54,603627,-4,-1,-3,-1
31,swipe_right,55,603647,-1,-1,1,-1
31,swipe_right,56,603667,-1,2,1,-1
31,swipe_right,57,603687,-1,0,1,0
31,swipe_right,58,603707,0,0,-2,-1
31,swipe_right,59,603727,0,-2,-1,0
31,swipe_right,60,603747,0,-1,0,1
31,swipe_right,61,603767,1,0,-1,1
31,swipe_right,62,603787,1,0,0,-2
31,swipe_right,63,603807,1,-1,-1,0
32,swipe_right,0,606847,0,-2,-1,-1
32,swipe_right,1,606867,0,-1,0,0
32,swipe_right,2,606887,0,0,0,1
32,swipe_right,3,606907,1,1,0,2
32,swipe_right,4,606927,0,0,0,1
32,swipe_right,5,606947,-1,-1,-1,-2
32,swipe_right,6,606967,-1,0,1,-1
32,swipe_right,7,606987,1,0,0,1
32,swipe_right,8,607007,0,1,1,4
32,swipe_right,9,607027,0,-1,0,0
32,swipe_right,10,607047,0,0,0,-2
32,swipe_right,11,607067,18,0,0,-2
32,swipe_right,12,607087,2356,2,2,7
32,swipe_right,13,607107,7711,0,2,4
32,swipe_right,14,607127,11631,3,1,2
32,swipe_right,15,607147,15221,2,0,1
32,swipe_right,16,607167,14140,1,2,4
32,swipe_right,17,607187,22301,0,2,3
32,swipe_right,18,607207,37658,1,0,0
32,swipe_right,19,607227,21179,1,0,-3
32,swipe_right,20,607247,26155,5,0,-4
32,swipe_right,21,607267,65965,21,-1,-7
32,swipe_right,22,607287,11827,3176,-1,-6
32,swipe_right,23,607307,1404,21088,0,-2
32,swipe_right,24,607327,10,17779,6,0
32,swipe_right,25,607347,-27,20442,9,0
32,swipe_right,26,607367,-16,21339,16,3
32,swipe_right,27,607387,-6,41958,34,4
32,swipe_right,28,607407,-3,65282,3115,3
32,swipe_right,29,607427,-1,95842,13424,2
32,swipe_right,30,607447,-1,152889,21215,4
32,swipe_right,31,607467,2,23651,35205,16
32,swipe_right,32,607487,1,5968,62014,17
32,swipe_right,33,607507,0,687,63055,32
32,swipe_right,34,607527,0,126,76948,16421
32,swipe_right,35,607547,-1,43,106833,14910
32,swipe_right,36,607567,-1,-7,77620,26090
32,swipe_right,37,607587,0,-12,25338,30423
32,swipe_right,38,607607,2,-5,1793,26524
32,swipe_right,39,607627,0,-3,479,44259
32,swipe_right,40,607647,-1,-1,44,57472
32,swipe_right,41,607667,0,0,-9,68948
32,swipe_right,42,607687,0,0,-15,65379
32,swipe_right,43,607707,-2,-1,-14,75667
32,swipe_right,44,607727,0,0,-9,76816
32,swipe_right,45,607747,1,1,-6,80014
32,swipe_right,46,607767,2,2,-4,57072
32,swipe_right,47,607787,1,-1,-1,5514
32,swipe_right,48,607807,-1,-1,-2,648
32,swipe_right,49,607827,-3,-1,-2,52
32,swipe_right,50,607847,-1,-2,-2,-16
32,swipe_right,51,607867,-6,-2,-4,-7
32,swipe_right,52,607887,-7,-1,-3,-24
32,swipe_right,53,607907,-1,0,0,-17
32,swipe_right,54,607927,0,-1,-1,-11
32,swipe_right,55,607947,0,0,-1,-5
32,swipe_right,56,607967,0,0,2,2
32,swipe_right,57,607987,1,1,-1,-3
32,swipe_right,58,608007,-2,-2,0,-1
32,swipe_right,59,608027,0,1,0,2
32,swipe_right,60,608047,0,1,0,-1
32,swipe_right,61,608067,1,1,-1,0
32,swipe_right,62,608087,0,-1,-1,0
32,swipe_right,63,608107,0,2,1,1
33,swipe_right,0,610907,0,0,0,0
33,swipe_right,1,610927,2,0,0,2
33,swipe_right,2,610947,1,-1,1,-1
33,swipe_right,3,610967,1,0,1,0
33,swipe_right,4,610987,0,-1,1,0
33,swipe_right,5,611007,0,0,0,0
33,swipe_right,6,611027,1,1,1,1
33,swipe_right,7,611047,1,-1,-1,1
33,swipe_right,8,611067,-1,1,1,-1
33,swipe_right,9,611087,1,1,1,-1
33,swipe_right,10,611107,0,-1,-2,0
33,swipe_right,11,611127,0,0,2,-1
33,swipe_right,12,611147,5,-1,-1,1
33,swipe_right,13,611167,2315,1,1,5
33,swipe_right,14,611187,19249,1,1,6
33,swipe_right,15,611207,26739,0,0,3
33,swipe_right,16,611227,24508,-1,2,3
33,swipe_right,17,611247,22706,1,2,2
33,swipe_right,18,611267,21513,2,2,4
33,swipe_right,19,611287,22441,1,0,0
33,swipe_right,20,611307,30973,2,1,-2
33,swipe_right,21,611327,54623,0,-3,-3
33,swipe_right,22,611347,45097,2,-2,-6
33,swipe_right,23,611367,41156,37,-1,-8
33,swipe_right,24,611387,3179,8529,-1,-4
33,swipe_right,25,611407,174,7126,3,-2
33,swipe_right,26,611427,2,18172,5,-1
33,swipe_right,27,611447,-3,33219,8,0
33,swipe_right,28,611467,-1,30622,9,0
33,swipe_right,29,611487,-1,28006,12,0
33,swipe_right,30,611507,-1,45745,31,4
33,swipe_right,31,611527,0,86889,2395,3
33,swipe_right,32,611547,0,21370,24142,11
33,swipe_right,33,611567,2,2709,42558,14
33,swipe_right,34,611587,-1,661,46594,11
33,swipe_right,35,611607,-1,53,50736,13
33,swipe_right,36,611627,-3,-4,84894,1027
33,swipe_right,37,611647,-1,-11,60783,5466
33,swipe_right,38,611667,2,-3,10527,12548
33,swipe_right,39,611687,1,-3,1414,25985
33,swipe_right,40,611707,-1,1,195,39160
33,swipe_right,41,611727,0,-1,-12,59773
33,swipe_right,42,611747,2,2,-33,72937
33,swipe_right,43,611767,3,3,-28,72684
33,swipe_right,44,611787,2,0,-22,108245
33,swipe_right,45,611807,1,1,-17,135062
33,swipe_right,46,611827,2,1,-17,303777
33,swipe_right,47,611847,1,2,-13,140228
33,swipe_right,48,611867,1,1,-3,25221
33,swipe_right,49,611887,-4,-3,-6,964
33,swipe_right,50,611907,-2,-2,-3,52
33,swipe_right,51,611927,-1,-3,-4,-6
33,swipe_right,52,611947,-3,-1,-1,-4
33,swipe_right,53,611967,-8,0,-2,-4
33,swipe_right,54,611987,-3,-2,-1,-3
33,swipe_right,55,612007,0,1,1,-3
33,swipe_right,56,612027,-1,-1,0,0
33,swipe_right,57,612047,0,0,0,0
33,swipe_right,58,612067,-1,-1,1,-1
33,swipe_right,59,612087,0,-1,0,1
33,swipe_right,60,612107,0,-1,0,0
33,swipe_right,61,612127,0,0,1,0
33,swipe_right,62,612147,0,-1,1,1
33,swipe_right,63,612167,1,-1,0,-1
34,swipe_right,0,615327,0,-1,1,-1
34,swipe_right,1,615347,0,1,0,0
34,swipe_right,2,615367,-1,0,-1,-1
34,swipe_right,3,615387,0,0,0,0
34,swipe_right,4,615407,0,-2,0,1
34,swipe_right,5,615427,-1,-1,0,0
34,swipe_right,6,615447,1,0,1,0
34,swipe_right,7,615467,-1,0,0,1
34,swipe_right,8,615487,1,0,-1,0
34,swipe_right,9,615507,0,0,0,0
34,swipe_right,10,615527,1,-1,0,0
34,swipe_right,11,615547,1,0,0,1
34,swipe_right,12,615567,2,0,0,0
34,swipe_right,13,615587,2,-1,0,0
34,swipe_right,14,615607,7,0,-1,3
34,swipe_right,15,615627,40,1,3,2
34,swipe_right,16,615647,29,1,0,-3
34,swipe_right,17,615667,19,0,-1,-3
34,swipe_right,18,615687,1905,0,0,2
34,swipe_right,19,615707,9466,2,5,11
34,swipe_right,20,615727,2691,-1,1,3
34,swipe_right,21,615747,19406,0,0,1
34,swipe_right,22,615767,16083,2,-1,-3
34,swipe_right,23,615787,34640,4,-1,-2
34,swipe_right,24,615807,45264,5,-2,-5
34,swipe_right,25,615827,125598,8,-3,-7
34,swipe_right,26,615847,9218,52,0,-5
34,swipe_right,27,615867,392,3881,0,-3
34,swipe_right,28,615887,-51,13521,1,-3
34,swipe_right,29,615907,-35,24187,7,1
34,swipe_right,30,615927,-20,56396,7,1
34,swipe_right,31,615947,-12,66713,8,-1
34,swipe_right,32,615967,-4,56398,13,1
34,swipe_right,33,615987,-2,58574,20,2
34,swipe_right,34,616007,-2,228859,56,3
34,swipe_right,35,616027,-2,277605,56,3
34,swipe_right,36,616047,-1,84639,34777,15
34,swipe_right,37,616067,2,12815,60913,17
34,swipe_right,38,616087,0,3191,90239,13
34,swipe_right,39,616107,0,749,94464,10
34,swipe_right,40,616127,1,137,86826,8
34,swipe_right,41,616147,-1,-2,94190,26
34,swipe_right,42,616167,-2,-19,124717,2309
34,swipe_right,43,616187,-2,-24,159020,2128
34,swipe_right,44,616207,0,-19,146021,12433
34,swipe_right,45,616227,1,-9,43418,13756
34,swipe_right,46,616247,1,-2,5512,20621
34,swipe_right,47,616267,3,0,933,26905
34,swipe_right,48,616287,0,0,193,31468
34,swipe_right,49,616307,-2,-1,-8,38461
34,swipe_right,50,616327,-1,-1,-36,89406
34,swipe_right,51,616347,0,-1,-36,127892
34,swipe_right,52,616367,0,-1,-36,127892
34,swipe_right,53,616387,0,-1,-36,127892
34,swipe_right,54,616407,0,-1,-36,127892
34,swipe_right,55,616427,0,-1,-36,127892
34,swipe_right,56,616447,0,2,-34,527240
34,swipe_right,57,616467,-11,-4,-19,34611
34,swipe_right,58,616487,-7,-2,-8,2135
34,swipe_right,59,616507,-1,-1,-2,72
34,swipe_right,60,616527,0,0,2,-15
34,swipe_right,61,616547,-1,1,0,-7
34,swipe_right,62,616567,0,0,-2,-4
34,swipe_right,63,616587,-2,0,0,-2
35,swipe_right,0,619787,0,1,-1,1
35,swipe_right,1,619807,1,-1,-1,-3
35,swipe_right,2,619827,1,1,0,2
35,swipe_right,3,619847,0,-1,1,0
35,swipe_right,4,619867,-1,0,0,1
35,swipe_right,5,619887,0,0,1,1
35,swipe_right,6,619907,0,1,2,1
35,swipe_right,7,619927,1,1,1,1
35,swipe_right,8,619947,1,1,-1,0
35,swipe_right,9,619967,-2,-2,-1,0
35,swipe_right,10,619987,-1,0,0,-1
35,swipe_right,11,620007,1,2,2,1
35,swipe_right,12,620027,-1,0,1,0
35,swipe_right,13,620047,0,-1,2,0
35,swipe_right,14,620067,0,-1,-3,-1
35,swipe_right,15,620087,3,0,0,1
35,swipe_right,16,620107,15,0,1,4
35,swipe_right,17,620127,38,2,0,4
35,swipe_right,18,620147,27,0,1,0
35,swipe_right,19,620167,24,1,-1,-2
35,swipe_right,20,620187,171,-1,-1,-1
35,swipe_right,21,620207,7,0,2,2
35,swipe_right,22,620227,1967,1,4,7
35,swipe_right,23,620247,2548,1,1,3
35,swipe_right,24,620267,2783,-1,0,2
35,swipe_right,25,620287,5218,0,0,-1
35,swipe_right,26,620307,15561,0,-1,-3
35,swipe_right,27,620327,33064,1,-2,-2
35,swipe_right,28,620347,24873,1,0,-1
35,swipe_right,29,620367,42244,2,-2,-4
35,swipe_right,30,620387,63887,17,-3,-8
35,swipe_right,31,620407,29623,36,-2,-6
35,swipe_right,32,620427,2065,4856,-1,0
35,swipe_right,33,620447,-610,10481,0,0
35,swipe_right,34,620467,-826,4897,1,1
35,swipe_right,35,620487,-850,9025,3,0
35,swipe_right,36,620507,-852,19051,3,1
35,swipe_right,37,620527,-853,28410,5,-1
35,swipe_right,38,620547,0,30924,14,1
35,swipe_right,39,620567,0,33761,25,2
35,swipe_right,40,620587,0,47256,49,2
35,swipe_right,41,620607,-1,95184,3745,1
35,swipe_right,42,620627,0,75985,9581,6
35,swipe_right,43,620647,1,35999,30462,9
35,swipe_right,44,620667,0,10364,27715,10
35,swipe_right,45,620687,0,1653,35529,9
35,swipe_right,46,620707,-1,154,46143,11
35,swipe_right,47,620727,-4,7,55214,995
35,swipe_right,48,620747,-5,-18,80006,1248
35,swipe_right,49,620767,-1,-16,74628,6038
35,swipe_right,50,620787,2,-6,32646,8900
35,swipe_right,51,620807,4,-1,12840,14867
35,swipe_right,52,620827,2,0,1603,21544
35,swipe_right,53,620847,2,1,73,27926
35,swipe_right,54,620867,1,1,-13,37780
35,swipe_right,55,620887,0,0,-69,56612
35,swipe_right,56,620907,1,-1,-66,70973
35,swipe_right,57,620927,1,-1,-47,81248
35,swipe_right,58,620947,2,1,-39,139425
35,swipe_right,59,620967,-4,1,-22,116922
35,swipe_right,60,620987,-13,-4,-14,85107
35,swipe_right,61,621007,-5,-2,-7,7809
35,swipe_right,62,621027,-2,-3,-3,415
35,swipe_right,63,621047,0,0,-3,-6
36,swipe_right,0,624767,0,0,0,-2
36,swipe_right,1,624787,-1,1,1,0
36,swipe_right,2,624807,-1,1,0,0
36,swipe_right,3,624827,-1,0,-1,0
36,swipe_right,4,624847,1,1,0,1
36,swipe_right,5,624867,-1,0,0,1
36,swipe_right,6,624887,0,1,0,1
36,swipe_right,7,624907,1,-1,0,-1
36,swipe_right,8,624927,0,2,2,1
36,swipe_right,9,624947,2,1,0,1
36,swipe_right,10,624967,-1,-2,-1,-2
36,swipe_right,11,624987,-1,-1,1,0
36,swipe_right,12,625007,6,1,0,1
36,swipe_right,13,625027,43,2,1,2
36,swipe_right,14,625047,53,0,1,1
36,swipe_right,15,625067,5579,1,0,0
36,swipe_right,16,625087,6182,1,0,0
36,swipe_right,17,625107,8453,0,0,-2
36,swipe_right,18,625127,17886,0,0,-1
36,swipe_right,19,625147,25848,0,1,3
36,swipe_right,20,625167,25312,2,4,9
36,swipe_right,21,625187,16827,0,2,5
36,swipe_right,22,625207,14357,2,2,4
36,swipe_right,23,625227,21982,2,0,-1
36,swipe_right,24,625247,50078,5,-2,-3
36,swipe_right,25,625267,52283,13,-2,-5
36,swipe_right,26,625287,91906,26,-2,-8
36,swipe_right,27,625307,44421,62,-2,-3
36,swipe_right,28,625327,6253,2426,1,-2
36,swipe_right,29,625347,319,8644,0,1
36,swipe_right,30,625367,1,27674,2,2
36,swipe_right,31,625387,-23,17748,7,2
36,swipe_right,32,625407,-11,27636,8,0
36,swipe_right,33,625427,-8,41451,9,1
36,swipe_right,34,625447,-2,46087,19,3
36,swipe_right,35,625467,-2,51570,1308,0
36,swipe_right,36,625487,-1,88714,5406,3
36,swipe_right,37,625507,-1,47124,5832,8
36,swipe_right,38,625527,-1,10176,18582,16
36,swipe_right,39,625547,1,2394,50800,13
36,swipe_right,40,625567,-1,61,58399,14
36,swipe_right,41,625587,-2,-82,58708,257
36,swipe_right,42,625607,-2,-65,69888,4462
36,swipe_right,43,625627,1,-32,9512,6198
36,swipe_right,44,625647,1,-14,1341,19959
36,swipe_right,45,625667,-1,-6,218,31987
36,swipe_right,46,625687,0,-4,5,50510
36,swipe_right,47,625707,4,1,-19,57850
36,swipe_right,48,625727,7,5,-11,64762
36,swipe_right,49,625747,4,4,-8,73349
36,swipe_right,50,625767,0,0,-10,45267
36,swipe_right,51,625787,-2,0,-7,24864
36,swipe_right,52,625807,-11,-5,-5,20942
36,swipe_right,53,625827,-5,-2,-1,1550
36,swipe_right,54,625847,-2,-2,-1,-88
36,swipe_right,55,625867,-1,0,-1,-49
36,swipe_right,56,625887,1,1,1,-16
36,swipe_right,57,625907,-1,-1,-1,-6
36,swipe_right,58,625927,0,0,-1,-1
36,swipe_right,59,625947,0,0,1,-1
36,swipe_right,60,625967,0,0,2,0
36,swipe_right,61,625987,-1,2,0,3
36,swipe_right,62,626007,0,0,1,1
36,swipe_right,63,626027,1,-1,-2,0
37,swipe_right,0,628927,0,-1,-1,-2
37,swipe_right,1,628947,0,-1,0,0
37,swipe_right,2,628967,0,0,0,0
37,swipe_right,3,628987,-1,1,-1,-1
37,swipe_right,4,629007,0,1,0,0
37,swipe_right,5,629027,0,-1,-1,0
37,swipe_right,6,629047,0,0,-1,1
37,swipe_right,7,629067,0,-1,-1,0
37,swipe_right,8,629087,0,0,0,1
37,swipe_right,9,629107,0,-1,1,0
37,swipe_right,10,629127,0,-1,1,1
37,swipe_right,11,629147,0,0,1,2
37,swipe_right,12,629167,1,0,1,0
37,swipe_right,13,629187,2,0,0,-1
37,swipe_right,14,629207,3,0,0,-1
37,swipe_right,15,629227,3,1,-1,0
37,swipe_right,16,629247,3,0,1,0
37,swipe_right,17,629267,4,2,0,1
37,swipe_right,18,629287,5,-1,0,2
37,swipe_right,19,629307,4,0,1,0
37,swipe_right,20,629327,2,1,0,0
37,swipe_right,21,629347,26,1,0,-1
37,swipe_right,22,629367,24,2,1,0
37,swipe_right,23,629387,-1,1,-1,0
37,swipe_right,24,629407,6006,1,-1,0
37,swipe_right,25,629427,9530,4,4,12
37,swipe_right,26,629447,13249,2,-2,3
37,swipe_right,27,629467,23100,2,0,-2
37,swipe_right,28,629487,46932,5,-1,-5
37,swipe_right,29,629507,48606,35,-1,-5
37,swipe_right,30,629527,1408,1104,1,-5
37,swipe_right,31,629547,-20,16975,2,-2
37,swipe_right,32,629567,-67,23676,6,1
37,swipe_right,33,629587,-32,12147,13,1
37,swipe_right,34,629607,-8,14958,16,3
37,swipe_right,35,629627,-2,35414,29,2
37,swipe_right,36,629647,0,69540,37,1
37,swipe_right,37,629667,-1,167472,1412,-1
37,swipe_right,38,629687,-1,61994,17854,4
37,swipe_right,39,629707,1,4866,21691,16
37,swipe_right,40,629727,2,433,33382,15
37,swipe_right,41,629747,-1,-12,58848,30
37,swipe_right,42,629767,-3,-68,63473,5102
37,swipe_right,43,629787,-1,-45,61512,8085
37,swipe_right,44,629807,0,-28,39654,12156
37,swipe_right,45,629827,1,-10,13797,20172
37,swipe_right,46,629847,2,-4,2143,19053
37,swipe_right,47,629867,0,-3,220,24600
37,swipe_right,48,629887,0,-1,45,52028
37,swipe_right,49,629907,2,1,-24,63010
37,swipe_right,50,629927,6,4,-25,116758
37,swipe_right,51,629947,3,0,-24,142309
37,swipe_right,52,629967,0,-1,-20,147141
37,swipe_right,53,629987,-8,-4,-19,130267
37,swipe_right,54,630007,-7,-5,-15,14474
37,swipe_right,55,630027,-1,-2,-4,825
37,swipe_right,56,630047,0,-1,-2,18
37,swipe_right,57,630067,0,0,-1,-11
37,swipe_right,58,630087,0,-1,-1,-2
37,swipe_right,59,630107,1,-1,-1,0
37,swipe_right,60,630127,0,-1,-1,-1
37,swipe_right,61,630147,0,0,0,1
37,swipe_right,62,630167,1,0,-1,1
37,swipe_right,63,630187,0,0,0,0
38,swipe_right,0,633647,-1,-1,-2,0
38,swipe_right,1,633667,1,0,-1,0
38,swipe_right,2,633687,1,0,0,0
38,swipe_right,3,633707,-1,0,2,1
38,swipe_right,4,633727,1,0,-1,2
38,swipe_right,5,633747,-1,-1,-2,0
38,swipe_right,6,633767,1,0,-1,0
38,swipe_right,7,633787,0,0,1,0
38,swipe_right,8,633807,0,1,-1,0
38,swipe_right,9,633827,-1,-2,-1,-2
38,swipe_right,10,633847,0,-1,-1,0
38,swipe_right,11,633867,-1,0,0,1
38,swipe_right,12,633887,0,-1,1,1
38,swipe_right,13,633907,-1,0,1,1
38,swipe_right,14,633927,0,-1,-2,0
38,swipe_right,15,633947,-1,-1,0,-1
38,swipe_right,16,633967,-1,-1,0,-1
38,swipe_right,17,633987,2,0,2,1
38,swipe_right,18,634007,0,-1,0,0
38,swipe_right,19,634027,-1,-1,1,0
38,swipe_right,20,634047,0,1,2,1
38,swipe_right,21,634067,1,1,0,-1
38,swipe_right,22,634087,-1,0,-1,0
38,swipe_right,23,634107,1,0,-1,-1
38,swipe_right,24,634127,0,1,2,0
38,swipe_right,25,634147,1,1,1,0
38,swipe_right,26,634167,-1,1,1,1
38,swipe_right,27,634187,-1,0,1,-1
38,swipe_right,28,634207,0,-2,0,0
38,swipe_right,29,634227,3,1,0,-2
38,swipe_right,30,634247,5,2,0,-2
38,swipe_right,31,634267,5,0,1,0
38,swipe_right,32,634287,4,0,0,0
38,swipe_right,33,634307,4,-1,1,3
38,swipe_right,34,634327,2,0,0,0
38,swipe_right,35,634347,4,0,-1,0
38,swipe_right,36,634367,3145,0,0,0
38,swipe_right,37,634387,5934,2,6,12
38,swipe_right,38,634407,15638,5,3,4
38,swipe_right,39,634427,13702,3,0,-1
38,swipe_right,40,634447,42925,0,-4,-4
38,swipe_right,41,634467,42925,0,-4,-7
38,swipe_right,42,634487,305533,9,-3,-8
38,swipe_right,43,634507,37249,1040,-1,-4
38,swipe_right,44,634527,2521,3635,0,-1
38,swipe_right,45,634547,129,9687,2,-2
38,swipe_right,46,634567,-3,22999,4,0
38,swipe_right,47,634587,-11,19248,11,0
38,swipe_right,48,634607,-4,15600,15,2
38,swipe_right,49,634627,-1,35172,27,1
38,swipe_right,50,634647,-2,63469,1026,3
38,swipe_right,51,634667,1,104961,4632,2
38,swipe_right,52,634687,1,91089,14856,5
38,swipe_right,53,634707,1,28248,25735,14
38,swipe_right,54,634727,3,5840,32674,17
38,swipe_right,55,634747,2,614,26552,12
38,swipe_right,56,634767,0,-1,50121,30
38,swipe_right,57,634787,-1,-42,64110,6805
38,swipe_right,58,634807,-1,-37,59747,12405
38,swipe_right,59,634827,-1,-21,27095,14117
38,swipe_right,60,634847,2,-7,4085,34578
38,swipe_right,61,634867,1,-3,1110,46165
38,swipe_right,62,634887,1,-1,134,58049
38,swipe_right,63,634907,2,0,1,64791
39,swipe_right,0,638947,0,0,1,1
39,swipe_right,1,638967,0,0,1,-1
39,swipe_right,2,638987,0,0,1,-1
39,swipe_right,3,639007,-2,-2,1,0
39,swipe_right,4,639027,1,0,0,2
39,swipe_right,5,639047,0,0,-1,1
39,swipe_right,6,639067,0,-1,0,0
39,swipe_right,7,639087,1,1,0,0
39,swipe_right,8,639107,1,0,-1,0
39,swipe_right,9,639127,2,0,0,0
39,swipe_right,10,639147,3,0,0,-2
39,swipe_right,11,639167,2,-1,1,-1
39,swipe_right,12,639187,2,0,0,0
39,swipe_right,13,639207,3,2,0,2
39,swipe_right,14,639227,5,1,0,0
39,swipe_right,15,639247,4,0,-2,0
39,swipe_right,16,639267,2,1,0,0
39,swipe_right,17,639287,3,2,2,1
39,swipe_right,18,639307,6,-1,0,-1
39,swipe_right,19,639327,19,-1,0,-1
39,swipe_right,20,639347,11,0,-2,-1
39,swipe_right,21,639367,235,2,1,-1
39,swipe_right,22,639387,6456,2,5,12
39,swipe_right,23,639407,9699,1,3,8
39,swipe_right,24,639427,14076,2,-1,-3
39,swipe_right,25,639447,19799,3,-1,-1
39,swipe_right,26,639467,31519,2,0,-2
39,swipe_right,27,639487,45390,12,0,-5
39,swipe_right,28,639507,38010,35,0,-3
39,swipe_right,29,639527,2558,5785,0,0
39,swipe_right,30,639547,-102,2110,0,-2
39,swipe_right,31,639567,-93,3792,1,0
39,swipe_right,32,639587,-37,7349,6,-2
39,swipe_right,33,639607,-10,12955,6,2
39,swipe_right,34,639627,-3,25324,8,2
39,swipe_right,35,639647,0,26141,11,0
39,swipe_right,36,639667,0,36000,14,1
39,swipe_right,37,639687,0,44357,20,3
39,swipe_right,38,639707,0,48215,2074,0
39,swipe_right,39,639727,0,48215,2074,0
39,swipe_right,40,639747,0,178865,8717,4
39,swipe_right,41,639767,1,48490,23565,3
39,swipe_right,42,639787,1,15586,41170,12
39,swipe_right,43,639807,2,2132,45289,12
39,swipe_right,44,639827,0,272,38441,7
39,swipe_right,45,639847,-1,14,54153,79
39,swipe_right,46,639867,-3,-14,62251,3665
39,swipe_right,47,639887,-1,-12,81929,3314
39,swipe_right,48,639907,-1,-6,44505,8740
39,swipe_right,49,639927,1,0,4798,21899
39,swipe_right,50,639947,-1,-3,770,26292
39,swipe_right,51,639967,2,1,168,38296
39,swipe_right,52,639987,4,3,54,42520
39,swipe_right,53,640007,3,3,-39,44892
39,swipe_right,54,640027,2,2,-43,65654
39,swipe_right,55,640047,1,0,-26,60329
39,swipe_right,56,640067,1,1,-15,77873
39,swipe_right,57,640087,-1,0,-13,103394
39,swipe_right,58,640107,-7,-4,-16,121258
39,swipe_right,59,640127,-20,-5,-15,45914
39,swipe_right,60,640147,-4,-3,-5,2757
39,swipe_right,61,640167,0,-1,-3,68
39,swipe_right,62,640187,0,-1,-2,-25
39,swipe_right,63,640207,1,-1,0,-10
40,hold,0,644707,1,1,0,1
40,hold,1,644727,1,0,1,-1
40,hold,2,644747,0,0,-1,-2
40,hold,3,644767,0,-2,-2,0
40,hold,4,644787,0,1,0,0
40,hold,5,644807,1,0,0,-1
40,hold,6,644827,0,0,0,0
40,hold,7,644847,-1,-2,-2,-2
40,hold,8,644867,1,0,3,0
40,hold,9,644887,1,1,0,-1
40,hold,10,644907,0,-1,0,0
40,hold,11,644927,0,0,-2,1
40,hold,12,654727,0,1,1,1
40,hold,13,654747,3,0,1,-2
40,hold,14,654767,18,0,2,0
40,hold,15,654787,13381,2,1,0
40,hold,16,654807,29854,2,2,3
40,hold,17,654827,40277,5,2,7
40,hold,18,654847,46614,6,3,8
40,hold,19,654867,57457,11,3,14
40,hold,20,654887,64440,17,3,14
40,hold,21,654907,77101,26,2,11
40,hold,22,654927,86252,23,2,8
40,hold,23,654947,91700,17,3,6
40,hold,24,654967,94788,14,3,-4
40,hold,25,654987,97161,12,4,-3
40,hold,26,655007,99038,9,2,-3
40,hold,27,655027,99877,6,1,-3
40,hold,28,655047,101326,5,1,-2
40,hold,29,655067,102317,3,2,-4
40,hold,30,655087,103096,4,3,-3
40,hold,31,655107,103995,3,3,-1
40,hold,32,655127,105228,3,2,-2
40,hold,33,655147,106160,3,0,0
40,hold,34,655167,106825,1,0,-1
40,hold,35,655187,107292,0,-1,-1
40,hold,36,655207,107608,0,0,1
40,hold,37,655227,107755,0,1,1
40,hold,38,655247,108094,1,0,1
40,hold,39,655267,108365,1,-1,-1
40,hold,40,655287,108645,2,-2,-1
40,hold,41,655307,108882,1,0,0
40,hold,42,655327,109099,0,-1,0
40,hold,43,655347,109331,0,-1,-1
40,hold,44,655367,109426,1,-1,0
40,hold,45,655387,109667,2,1,0
40,hold,46,655407,109936,2,1,0
40,hold,47,655427,110176,-1,-1,-1
40,hold,48,655447,110335,0,0,0
40,hold,49,655467,110444,1,2,-1
40,hold,50,655487,110520,1,1,-1
40,hold,51,655507,110673,1,1,1
40,hold,52,655527,110844,1,-1,1
40,hold,53,655547,111057,2,1,0
40,hold,54,655567,111228,1,0,1
40,hold,55,655587,111360,0,1,1
40,hold,56,655607,111444,1,2,3
40,hold,57,655627,111580,0,0,-1
40,hold,58,655647,111721,0,0,-1
40,hold,59,655667,111873,-1,-2,-1
40,hold,60,655687,112023,0,-1,0
40,hold,61,655707,112146,0,-1,-1
40,hold,62,655727,112210,0,0,-1
40,hold,63,655747,112378,2,0,1
41,hold,0,660707,0,0,1,1
41,hold,1,660167,0,0,1,0
41,hold,2,660187,1,0,0,-1
41,hold,3,660207,0,-1,1,-1
41,hold,4,660227,1,1,0,-1
41,hold,5,660247,0,0,3,1
41,hold,6,660267,1,1,0,1
41,hold,7,660287,0,0,-2,0
41,hold,8,660307,0,-1,1,0
41,hold,9,660327,0,1,-2,0
41,hold,10,660347,0,1,1,-1
41,hold,11,660367,1,1,-1,0
41,hold,12,660387,0,0,-1,0
41,hold,13,660407,0,0,0,1
41,hold,14,660727,-1,1,0,0
41,hold,15,660747,1,1,-1,0
41,hold,16,660767,-1,-1,-2,-2
41,hold,17,660787,0,0,-1,-1
41,hold,18,660807,0,1,2,1
41,hold,19,660827,-1,0,0,0
41,hold,20,660847,2,1,0,0
41,hold,21,660867,0,2,0,0
41,hold,22,660887,1,0,0,0
41,hold,23,660907,3,-2,0,0
41,hold,24,660927,8106,2,2,2
41,hold,25,660947,19099,15,7,24
41,hold,26,660967,27317,23,4,20
41,hold,27,660987,30179,26,3,11
41,hold,28,661007,32118,19,2,9
41,hold,29,661027,33615,9,2,4
41,hold,30,661047,35411,6,1,-2
41,hold,31,661067,37300,4,2,-10
41,hold,32,661087,39126,4,0,-6
41,hold,33,661107,40122,5,1,-2
41,hold,34,661127,41127,1,2,0
41,hold,35,661147,41682,1,1,0
41,hold,36,661167,42176,1,-1,1
41,hold,37,661187,42636,1,-2,-2
41,hold,38,661207,43097,-1,0,0
41,hold,39,661227,43362,0,-1,1
41,hold,40,661247,43624,-1,-2,0
41,hold,41,661267,43955,0,-2,0
41,hold,42,661287,44440,2,2,0
41,hold,43,661307,44762,2,-1,0
41,hold,44,661327,45154,-1,-2,-1
41,hold,45,661347,45396,-1,0,-1
41,hold,46,661367,45536,-1,3,1
41,hold,47,661387,45749,0,1,2
41,hold,48,661407,46101,-1,1,0
41,hold,49,661427,46435,0,0,-1
41,hold,50,661447,46727,-1,1,-1
41,hold,51,661467,46840,0,1,-1
41,hold,52,661487,47016,0,-1,0
41,hold,53,661507,47273,1,0,-3
41,hold,54,661527,47552,2,1,0
41,hold,55,661547,47722,1,2,1
41,hold,56,661567,47917,0,1,0
41,hold,57,661587,47971,-2,0,-1
41,hold,58,661607,48053,-1,-1,-1
41,hold,59,661627,48290,2,-2,0
41,hold,60,661647,48562,0,-1,-1
41,hold,61,661667,48751,0,0,-1
41,hold,62,661687,48954,1,0,1
41,hold,63,661707,49115,0,1,0
42,hold,0,664887,-2,-2,-1,-3
42,hold,1,664907,1,-1,1,1
42,hold,2,664927,2,3,1,1
42,hold,3,664947,-1,0,0,1
42,hold,4,664967,-1,0,-1,-1
42,hold,5,664987,0,2,2,1
42,hold,6,665007,0,-2,0,-1
42,hold,7,665027,0,0,-1,-1
42,hold,8,665047,0,1,0,0
42,hold,9,665067,0,-1,-1,0
42,hold,10,665087,1,0,-1,-2
42,hold,11,665107,4,0,2,1
42,hold,12,665127,1156,2,1,2
42,hold,13,665147,10291,6,1,7
42,hold,14,665167,18041,11,4,19
42,hold,15,665187,22978,13,3,12
42,hold,16,665207,27126,30,4,16
42,hold,17,665227,30373,25,3,11
42,hold,18,665247,33205,15,2,7
42,hold,19,665267,35658,8,2,-9
42,hold,20,665287,37613,4,1,-11
42,hold,21,665307,39076,3,0,-5
42,hold,22,665327,40216,3,1,-3
42,hold,23,665347,41207,1,0,-2
42,hold,24,665367,41801,1,0,-1
42,hold,25,665387,42525,1,-1,-1
42,hold,26,665407,43108,-1,-1,-3
42,hold,27,665427,43712,-1,0,-1
42,hold,28,665447,44338,1,0,2
42,hold,29,665467,44737,2,0,0
42,hold,30,665487,45338,1,0,1
42,hold,31,665507,45857,0,1,0
42,hold,32,665527,46135,1,2,1
42,hold,33,665547,46455,2,0,0
42,hold,34,665567,46728,1,-2,0
42,hold,35,665587,47060,0,-1,0
42,hold,36,665607,47268,1,0,-1
42,hold,37,665627,47528,1,1,0
42,hold,38,665647,47649,1,1,1
42,hold,39,665667,47630,1,0,0
42,hold,40,665687,47668,-1,1,-2
42,hold,41,665707,47898,1,0,0
42,hold,42,665727,48109,2,1,0
42,hold,43,665747,48172,0,1,0
42,hold,44,665767,47956,-1,-1,2
42,hold,45,665787,47931,-1,1,-3
42,hold,46,665807,48099,2,-1,-2
42,hold,47,665827,48313,-1,-3,0
42,hold,48,665847,48430,0,-1,0
42,hold,49,665867,48402,1,0,-1
42,hold,50,665887,48415,0,1,-3
42,hold,51,665907,48652,1,2,0
42,hold,52,665927,48883,1,1,1
42,hold,53,665947,49184,1,1,2
42,hold,54,665967,49392,0,1,1
42,hold,55,665987,49493,0,-1,-2
42,hold,56,666007,49666,1,-1,0
42,hold,57,666027,49909,2,0,1
42,hold,58,666047,50032,-1,1,1
42,hold,59,666067,50074,0,0,0
42,hold,60,666087,49935,2,-1,-1
42,hold,61,666107,49835,-2,-2,0
42,hold,62,666127,49957,2,0,0
42,hold,63,666147,50131,1,1,-2
43,hold,0,669227,0,0,0,1
43,hold,1,669247,0,0,1,1
43,hold,2,669267,0,1,0,1
43,hold,3,669287,0,1,-1,0
43,hold,4,669307,3,-1,-1,-1
43,hold,5,669327,3657,2,0,0
43,hold,6,669347,7528,4,0,2
43,hold,7,669367,12419,4,2,6
43,hold,8,669387,16202,8,7,17
43,hold,9,669407,19818,15,3,21
43,hold,10,669427,23845,31,3,20
43,hold,11,669447,27010,24,3,10
43,hold,12,669467,30086,12,0,4
43,hold,13,669487,31612,5,2,-9
43,hold,14,669507,32787,2,0,-9
43,hold,15,669527,34026,2,2,-5
43,hold,16,669547,35034,1,0,-2
43,hold,17,669567,36121,0,-1,-4
43,hold,18,669587,37036,0,0,0
43,hold,19,669607,37701,1,0,-1
43,hold,20,669627,38102,0,-2,-2
43,hold,21,669647,38690,-1,-4,-2
43,hold,22,669667,39224,1,0,0
43,hold,23,669687,39730,0,-1,2
43,hold,24,669707,40215,1,0,-1
43,hold,25,669727,40615,1,2,0
43,hold,26,669747,40955,1,0,1
43,hold,27,669767,41355,3,1,0
43,hold,28,669787,41622,0,0,-1
43,hold,29,669807,42041,0,-1,-2
43,hold,30,669827,42385,-3,-4,-2
43,hold,31,669847,42669,0,-1,0
43,hold,32,669867,42923,-2,-2,-1
43,hold,33,669887,43095,1,0,0
43,hold,34,669907,43383,3,2,2
43,hold,35,669927,43651,0,0,1
43,hold,36,669947,43868,0,-1,0
43,hold,37,669967,44064,0,0,1
43,hold,38,669987,44234,0,0,1
43,hold,39,670007,44462,1,2,0
43,hold,40,670027,44690,0,0,-1
43,hold,41,670047,44896,0,-1,1
43,hold,42,670067,45059,0,-1,0
43,hold,43,670087,45298,0,1,0
43,hold,44,670107,45558,1,-1,1
43,hold,45,670127,45819,0,-1,0
43,hold,46,670147,45961,0,0,1
43,hold,47,670167,46187,1,-2,-1
43,hold,48,670187,46404,1,1,-1
43,hold,49,670207,46617,0,-1,-1
43,hold,50,670227,46751,1,1,0
43,hold,51,670247,46982,1,0,-2
43,hold,52,670267,47244,3,0,0
43,hold,53,670287,47390,2,0,2
43,hold,54,670307,47617,0,0,-2
43,hold,55,670327,47844,0,0,2
43,hold,56,670347,48076,1,0,1
43,hold,57,670367,48258,1,0,0
43,hold,58,670387,48530,0,2,-1
43,hold,59,670407,48719,0,0,0
43,hold,60,670427,48901,1,2,0
43,hold,61,670447,49173,1,1,1
43,hold,62,670467,49432,1,0,-1
43,hold,63,670487,49587,0,0,-1
44,hold,0,673647,0,0,1,1
44,hold,1,673667,1,0,0,0
44,hold,2,673687,0,0,0,-1
44,hold,3,673707,-1,-1,-2,-1
44,hold,4,673727,0,0,0,0
44,hold,5,673747,1,1,-1,0
44,hold,6,673767,0,1,1,1
44,hold,7,673787,-2,-1,0,-1
44,hold,8,673807,0,0,0,0
44,hold,9,673827,0,0,-1,0
44,hold,10,673847,3,-1,0,1
44,hold,11,673867,959,1,0,0
44,hold,12,673887,5274,1,1,2
44,hold,13,673907,11570,4,2,4
44,hold,14,673927,19958,10,5,15
44,hold,15,673947,28995,18,4,26
44,hold,16,673967,35570,19,1,20
44,hold,17,673987,40441,27,3,14
44,hold,18,674007,42638,18,3,10
44,hold,19,674027,45048,10,1,6
44,hold,20,674047,46813,6,1,3
44,hold,21,674067,48280,6,2,-1
44,hold,22,674087,49295,5,0,-10
44,hold,23,674107,50870,6,3,-10
44,hold,24,674127,52067,4,1,-4
44,hold,25,674147,52876,2,0,-1
44,hold,26,674167,53903,4,1,-2
44,hold,27,674187,54514,4,2,-1
44,hold,28,674207,55618,3,1,0
44,hold,29,674227,56296,2,0,-3
44,hold,30,674247,57045,2,1,0
44,hold,31,674267,57412,2,1,0
44,hold,32,674287,57888,6,-1,-1
44,hold,33,674307,58197,4,0,1
44,hold,34,674327,58655,6,-1,-1
44,hold,35,674347,58951,7,0,-2
44,hold,36,674367,59351,4,-1,-2
44,hold,37,674387,59588,3,-1,-2
44,hold,38,674407,59994,3,1,-1
44,hold,39,674427,60277,6,1,1
44,hold,40,674447,60681,5,-1,-1
44,hold,41,674467,60934,3,-2,1
44,hold,42,674487,61252,5,0,0
44,hold,43,674507,61412,4,0,-1
44,hold,44,674527,61679,2,1,1
44,hold,45,674547,61888,1,-1,-1
44,hold,46,674567,62204,2,0,-1
44,hold,47,674587,62375,3,2,1
44,hold,48,674607,62570,4,0,-1
44,hold,49,674627,62865,4,0,-2
44,hold,50,674647,63082,4,0,-2
44,hold,51,674667,63426,6,0,0
44,hold,52,674687,63618,5,2,1
44,hold,53,674707,63858,5,1,1
44,hold,54,674727,64036,6,-1,1
44,hold,55,674747,64204,5,0,0
44,hold,56,674767,64434,5,0,0
44,hold,57,674787,64555,4,0,0
44,hold,58,674807,64721,5,0,-1
44,hold,59,674827,64870,4,-1,-1
44,hold,60,674847,65030,5,-1,-1
44,hold,61,674867,65246,4,0,1
44,hold,62,674887,65363,5,0,1
44,hold,63,674907,65483,4,1,0
45,hold,0,678367,0,0,0,2
45,hold,1,678387,1,1,0,2
45,hold,2,678407,1,1,1,1
45,hold,3,678427,1,0,-1,1
45,hold,4,678447,2,0,1,0
45,hold,5,678467,13,-1,-1,-2
45,hold,6,678487,2083,2,3,2
45,hold,7,678507,8957,2,2,1
45,hold,8,678527,15866,3,1,5
45,hold,9,678547,24275,13,4,28
45,hold,10,678567,29657,35,5,29
45,hold,11,678587,33151,28,3,19
45,hold,12,678607,35290,14,1,8
45,hold,13,678627,36770,8,2,-3
45,hold,14,678647,37929,4,-1,-5
45,hold,15,678667,38930,2,-1,-1
45,hold,16,678687,39587,3,0,-2
45,hold,17,678707,40476,2,2,1
45,hold,18,678727,41281,0,1,0
45,hold,19,678747,41932,0,-2,0
45,hold,20,678767,42472,0,-1,0
45,hold,21,678787,42928,2,1,1
45,hold,22,678807,43195,0,-1,1
45,hold,23,678827,43629,1,-1,-1
45,hold,24,678847,44056,0,2,0
45,hold,25,678867,44454,0,0,-1
45,hold,26,678887,44695,-3,1,0
45,hold,27,678907,45024,-1,-3,-2
45,hold,28,678927,45329,3,0,0
45,hold,29,678947,45619,-1,-1,-1
45,hold,30,678967,45802,1,0,1
45,hold,31,678987,46021,1,1,1
45,hold,32,679007,46228,0,-1,-1
45,hold,33,679027,46425,1,2,1
45,hold,34,679047,46540,0,-1,-1
45,hold,35,679067,46698,0,0,1
45,hold,36,679087,46815,1,0,1
45,hold,37,679107,46903,0,-1,0
45,hold,38,679127,47060,-1,1,0
45,hold,39,679147,47213,0,2,0
45,hold,40,679167,47361,-1,-1,0
45,hold,41,679187,47425,1,0,0
45,hold,42,679207,47464,0,-1,-1
45,hold,43,679227,47545,0,0,1
45,hold,44,679247,47648,1,0,-2
45,hold,45,679267,47804,-1,0,-2
45,hold,46,679287,47949,1,-1,-1
45,hold,47,679307,48133,1,0,1
45,hold,48,679327,48238,1,1,0
45,hold,49,679347,48439,-1,0,-2
45,hold,50,679367,48624,-2,0,-1
45,hold,51,679387,48702,-1,0,0
45,hold,52,679407,48870,0,0,-2
45,hold,53,679427,49033,0,2,1
45,hold,54,679447,49125,0,-1,0
45,hold,55,679467,49298,-1,0,0
45,hold,56,679487,49513,2,0,-1
45,hold,57,679507,49627,1,2,3
45,hold,58,679527,49805,0,0,1
45,hold,59,679547,49933,0,1,-1
45,hold,60,679567,50036,0,2,0
45,hold,61,679587,50168,-2,-3,-3
45,hold,62,679607,50337,-1,0,0
45,hold,63,679627,50463,1,-1,0
46,hold,0,682627,-1,-1,-1,0
46,hold,1,682647,0,-1,0,0
46,hold,2,682667,-1,0,-2,0
46,hold,3,682687,1,2,1,1
46,hold,4,682707,3,0,1,-1
46,hold,5,682727,25,0,1,0
46,hold,6,682747,1220,2,2,4
46,hold,7,682767,4459,3,4,7
46,hold,8,682787,6467,7,3,14
46,hold,9,682807,8478,8,1,15
46,hold,10,682827,10464,13,1,16
46,hold,11,682847,11708,21,2,12
46,hold,12,682867,13247,18,2,9
46,hold,13,682887,16066,9,-1,1
46,hold,14,682907,17362,5,1,0
46,hold,15,682927,18168,3,1,1
46,hold,16,682947,18758,1,0,2
46,hold,17,682967,19323,2,1,1
46,hold,18,682987,20256,0,0,1
46,hold,19,683007,20860,0,0,0
46,hold,20,683027,21224,1,0,1
46,hold,21,683047,21544,-2,-1,-2
46,hold,22,683067,21856,0,-1,0
46,hold,23,683087,22170,1,-2,0
46,hold,24,683107,22547,2,1,0
46,hold,25,683127,22813,-1,-1,-1
46,hold,26,683147,22728,-11,0,-3
46,hold,27,683167,22585,-8,-1,-2
46,hold,28,683187,22669,-4,-1,-2
46,hold,29,683207,22868,-1,1,2
46,hold,30,683227,23104,-1,-1,1
46,hold,31,683247,23117,-2,1,-1
46,hold,32,683267,22906,-4,0,-1
46,hold,33,683287,22996,-1,0,0
46,hold,34,683307,23290,-1,1,-1
46,hold,35,683327,23584,0,-1,0
46,hold,36,683347,23876,-2,0,-2
46,hold,37,683367,24006,-2,-2,-2
46,hold,38,683387,23901,-3,1,-4
46,hold,39,683407,23883,-1,-2,-1
46,hold,40,683427,24216,2,2,2
46,hold,41,683447,24413,0,2,-1
46,hold,42,683467,24575,0,0,0
46,hold,43,683487,24666,0,1,-2
46,hold,44,683507,24644,0,0,-1
46,hold,45,683527,24801,2,0,1
46,hold,46,683547,25021,2,1,0
46,hold,47,683567,25242,2,1,0
46,hold,48,683587,25487,0,-1,1
46,hold,49,683607,25638,-2,-3,-2
46,hold,50,683627,25748,0,-1,0
46,hold,51,683647,25882,0,1,0
46,hold,52,683667,26134,2,1,1
46,hold,53,683687,26328,1,0,0
46,hold,54,683707,26493,1,0,1
46,hold,55,683727,26661,0,0,-1
46,hold,56,683747,26801,0,1,0
46,hold,57,683767,26965,-1,0,-1
46,hold,58,683787,27104,1,1,0
46,hold,59,683807,27262,0,-1,2
46,hold,60,683827,27416,2,1,0
46,hold,61,683847,27546,0,0,1
46,hold,62,683867,27666,0,-1,0
46,hold,63,683887,27757,0,-1,-1
47,hold,0,686927,0,0,1,0
47,hold,1,686947,0,0,-1,0
47,hold,2,686967,0,-2,0,0
47,hold,3,686987,1,1,-1,1
47,hold,4,687007,1,1,0,-1
47,hold,5,687027,3,1,0,1
47,hold,6,687047,20,-1,1,0
47,hold,7,687067,864,1,2,1
47,hold,8,687087,2566,0,-1,-1
47,hold,9,687107,3128,0,0,0
47,hold,10,687127,5791,3,0,5
47,hold,11,687147,10634,11,4,26
47,hold,12,687167,13415,14,4,19
47,hold,13,687187,15766,9,1,11
47,hold,14,687207,16857,4,-1,5
47,hold,15,687227,17904,3,2,3
47,hold,16,687247,18670,13,1,6
47,hold,17,687267,19785,21,1,6
47,hold,18,687287,20731,11,1,1
47,hold,19,687307,21602,6,1,1
47,hold,20,687327,22459,5,1,0
47,hold,21,687347,22880,3,-2,0
47,hold,22,687367,23288,2,2,-3
47,hold,23,687387,24057,3,2,-4
47,hold,24,687407,24887,3,1,-1
47,hold,25,687427,25632,2,0,0
47,hold,26,687447,26158,-1,-2,-1
47,hold,27,687467,26520,0,0,-3
47,hold,28,687487,27004,1,0,-2
47,hold,29,687507,27425,2,0,0
47,hold,30,687527,27845,2,2,0
47,hold,31,687547,28227,2,0,-1
47,hold,32,687567,28521,1,1,-2
47,hold,33,687587,28743,2,-2,-1
47,hold,34,687607,29106,2,1,0
47,hold,35,687627,29433,1,-1,0
47,hold,36,687647,29752,1,0,1
47,hold,37,687667,29996,0,0,-1
47,hold,38,687687,30201,-1,0,1
47,hold,39,687707,30344,-1,0,0
47,hold,40,687727,30555,-1,0,1
47,hold,41,687747,30804,2,0,-1
47,hold,42,687767,31059,2,-3,0
47,hold,43,687787,31316,0,-2,-1
47,hold,44,687807,31638,0,0,0
47,hold,45,687827,31876,0,0,1
47,hold,46,687847,32081,0,0,-1
47,hold,47,687867,32296,0,-1,-1
47,hold,48,687887,32524,2,2,-1
47,hold,49,687907,32748,0,1,-1
47,hold,50,687927,32963,1,0,1
47,hold,51,687947,33148,0,0,0
47,hold,52,687967,33332,1,0,0
47,hold,53,687987,33498,0,-3,-1
47,hold,54,688007,33681,1,1,-1
47,hold,55,688027,33877,1,1,1
47,hold,56,688047,34067,2,0,-2
47,hold,57,688067,34260,-2,0,-1
47,hold,58,688087,34345,1,0,-3
47,hold,59,688107,34510,4,1,4
47,hold,60,688127,34700,2,0,0
47,hold,61,688147,34849,4,2,0
47,hold,62,688167,34970,0,-1,-1
47,hold,63,688187,35125,0,0,0
48,hold,0,691467,-2,0,-1,1
48,hold,1,691487,-1,0,-1,-3
48,hold,2,691507,-2,-2,-3,-1
48,hold,3,691527,0,1,1,0
48,hold,4,691547,0,-1,0,-1
48,hold,5,691567,1,-2,-1,-2
48,hold,6,691587,2,2,2,1
48,hold,7,691607,4,1,0,0
48,hold,8,691627,23,1,-2,0
48,hold,9,691647,3771,6,4,9
48,hold,10,691667,16676,13,2,21
48,hold,11,691687,23702,17,1,18
48,hold,12,691707,27510,29,3,14
48,hold,13,691727,29597,19,1,8
48,hold,14,691747,31139,10,0,3
48,hold,15,691767,32530,5,1,5
48,hold,16,691787,33740,2,1,0
48,hold,17,691807,34757,2,0,-1
48,hold,18,691827,35550,0,-1,1
48,hold,19,691847,36204,2,0,1
48,hold,20,691867,36775,0,0,0
48,hold,21,691887,37304,2,1,1
48,hold,22,691907,37744,0,0,0
48,hold,23,691927,38103,1,0,0
48,hold,24,691947,38395,0,0,-1
48,hold,25,691967,38636,1,1,-1
48,hold,26,691987,38867,0,0,0
48,hold,27,692007,39009,2,0,0
48,hold,28,692027,39209,0,-1,-1
48,hold,29,692047,39348,0,0,1
48,hold,30,692067,39471,0,0,-1
48,hold,31,692087,39631,1,3,1
48,hold,32,692107,39819,-1,0,-1
48,hold,33,692127,39988,0,2,1
48,hold,34,692147,40139,-2,0,0
48,hold,35,692167,40224,1,0,1
48,hold,36,692187,40358,0,0,-2
48,hold,37,692207,40476,0,-1,0
48,hold,38,692227,40595,0,1,1
48,hold,39,692247,40736,0,1,-1
48,hold,40,692267,40890,3,1,2
48,hold,41,692287,41054,0,1,1
48,hold,42,692307,41166,1,-1,-1
48,hold,43,692327,41352,2,-2,1
48,hold,44,692347,41507,-2,0,0
48,hold,45,692367,41672,1,0,0
48,hold,46,692387,41836,0,2,0
48,hold,47,692407,42010,0,1,1
48,hold,48,692427,42126,0,-2,0
48,hold,49,692447,42282,1,1,1
48,hold,50,692467,42423,-1,1,0
48,hold,51,692487,42567,-1,0,0
48,hold,52,692507,42708,0,0,-1
48,hold,53,692527,42816,0,-2,-1
48,hold,54,692547,42944,-1,-1,0
48,hold,55,692567,43064,0,1,0
48,hold,56,692587,43152,-2,-1,-3
48,hold,57,692607,43289,1,1,2
48,hold,58,692627,43363,1,1,0
48,hold,59,692647,43489,1,2,0
48,hold,60,692667,43577,-1,-2,0
48,hold,61,692687,43713,1,-1,-1
48,hold,62,692707,43862,0,1,1
48,hold,63,692727,43947,0,-1,0
49,hold,0,695787,1,0,-2,0
49,hold,1,695807,1,0,-1,-1
49,hold,2,695827,1,-1,0,1
49,hold,3,695847,0,-2,-1,0
49,hold,4,695867,1,1,-1,1
49,hold,5,695887,-1,-1,-1,-2
49,hold,6,695907,-1,-1,1,1
49,hold,7,695927,-1,0,1,-2
49,hold,8,695947,0,1,-1,1
49,hold,9,695967,-1,0,-1,0
49,hold,10,695987,1,-1,-2,0
49,hold,11,696007,1,0,-1,1
49,hold,12,696027,9,-2,0,-1
49,hold,13,696047,3918,9,7,7
49,hold,14,696067,7568,21,9,34
49,hold,15,696087,9891,21,4,25
49,hold,16,696107,11071,29,1,7
49,hold,17,696127,12480,13,1,5
49,hold,18,696147,14065,7,0,2
49,hold,19,696167,15327,3,-1,1
49,hold,20,696187,16539,4,0,0
49,hold,21,696207,17124,2,2,1
49,hold,22,696227,17767,1,-1,-2
49,hold,23,696247,18322,1,1,-1
49,hold,24,696267,19072,1,0,0
49,hold,25,696287,19535,1,-2,0
49,hold,26,696307,19950,2,0,-1
49,hold,27,696327,20221,0,0,0
49,hold,28,696347,20536,2,-1,1
49,hold,29,696367,20968,1,1,-2
49,hold,30,696387,21242,0,1,0
49,hold,31,696407,21450,-1,-2,-1
49,hold,32,696427,21622,2,0,1
49,hold,33,696447,21711,-1,1,3
49,hold,34,696467,21825,0,-1,-2
49,hold,35,696487,21976,-3,-3,-2
49,hold,36,696507,22070,0,0,1
49,hold,37,696527,22102,-1,0,1
49,hold,38,696547,22189,-1,1,0
49,hold,39,696567,22270,-1,0,0
49,hold,40,696587,22343,1,0,-1
49,hold,41,696607,22357,-1,-1,0
49,hold,42,696627,22303,0,0,0
49,hold,43,696647,22270,0,2,0
49,hold,44,696667,22125,0,1,0
49,hold,45,696687,21968,0,-2,0
49,hold,46,696707,21846,-1,0,1
49,hold,47,696727,21838,0,1,-1
49,hold,48,696747,21887,0,-1,0
49,hold,49,696767,22012,-1,0,-1
49,hold,50,696787,22098,0,0,-1
49,hold,51,696807,22200,1,0,0
49,hold,52,696827,22383,1,1,1
49,hold,53,696847,22510,0,-1,-1
49,hold,54,696867,22667,0,-1,0
49,hold,55,696887,22888,1,1,0
49,hold,56,696907,23021,1,1,-1
49,hold,57,696927,23123,0,0,1
49,hold,58,696947,23238,0,0,-2
49,hold,59,696967,23382,-1,-1,0
49,hold,60,696987,23510,0,0,-1
49,hold,61,697007,23633,0,-1,0
49,hold,62,697027,23785,1,0,0
49,hold,63,697047,23880,-2,-1,1
50,hold,0,700207,-1,1,0,0
50,hold,1,700227,2,1,0,1
50,hold,2,700247,14,1,1,0
50,hold,3,700267,1492,3,1,4
50,hold,4,700287,7779,10,3,29
50,hold,5,700307,12938,13,5,21
50,hold,6,700327,17225,16,2,18
50,hold,7,700347,19243,24,-1,9
50,hold,8,700367,21257,13,1,1
50,hold,9,700387,24058,6,-1,-1
50,hold,10,700407,26053,3,1,0
50,hold,11,700427,27480,2,1,0
50,hold,12,700447,28536,1,0,1
50,hold,13,700467,29405,1,0,-2
50,hold,14,700487,30393,1,-1,-1
50,hold,15,700507,31064,1,3,0
50,hold,16,700527,31672,1,0,-2
50,hold,17,700547,32079,-1,0,0
50,hold,18,700567,32372,0,1,2
50,hold,19,700587,32733,-1,0,-1
50,hold,20,700607,33144,0,0,-2
50,hold,21,700627,33528,0,1,0
50,hold,22,700647,33815,1,-1,0
50,hold,23,700667,34026,1,-1,0
50,hold,24,700687,34201,-1,1,0
50,hold,25,700707,34392,0,-1,0
50,hold,26,700727,34539,-1,2,0
50,hold,27,700747,34702,0,-1,0
50,hold,28,700767,34788,1,1,-1
50,hold,29,700787,34826,1,0,0
50,hold,30,700807,34874,-2,0,1
50,hold,31,700827,34975,2,0,1
50,hold,32,700847,35122,1,-2,2
50,hold,33,700867,35257,0,-1,0
50,hold,34,700887,35290,1,0,0
50,hold,35,700907,35286,0,-2,-2
50,hold,36,700927,35424,0,0,0
50,hold,37,700947,35573,1,0,-1
50,hold,38,700967,35717,1,0,1
50,hold,39,700987,35841,-1,0,-1
50,hold,40,701007,36003,0,0,-1
50,hold,41,701027,36144,0,-1,0
50,hold,42,701047,36283,1,2,1
50,hold,43,701067,36353,0,-1,-2
50,hold,44,701087,36428,0,0,1
50,hold,45,701107,36536,0,0,0
50,hold,46,701127,36643,-1,0,1
50,hold,47,701147,36741,-1,1,1
50,hold,48,701167,36833,1,1,0
50,hold,49,701187,36878,-2,0,0
50,hold,50,701207,36911,0,-1,0
50,hold,51,701227,36979,1,0,-1
50,hold,52,701247,37078,0,0,2
50,hold,53,701267,37154,0,1,-1
50,hold,54,701287,37205,-1,-1,0
50,hold,55,701307,37166,1,-1,0
50,hold,56,701327,37281,-1,0,-1
50,hold,57,701347,37434,-1,0,0
50,hold,58,701367,37609,0,1,1
50,hold,59,701387,37743,0,0,1
50,hold,60,701407,37947,-2,-2,-2
50,hold,61,701427,38169,-1,0,-1
50,hold,62,701447,38392,-1,0,1
50,hold,63,701467,38623,0,0,0
51,hold,0,704627,9080,7,2,13
51,hold,1,704647,11579,12,4,26
51,hold,2,704667,14316,11,2,20
51,hold,3,704687,15829,16,3,13
51,hold,4,704707,17948,25,1,7
51,hold,5,704727,19639,13,2,0
51,hold,6,704747,21404,7,1,-1
51,hold,7,704767,22267,5,1,1
51,hold,8,704787,22931,0,0,-2
51,hold,9,704807,24149,2,1,-1
51,hold,10,704827,25485,0,1,-1
51,hold,11,704847,26743,0,0,0
51,hold,12,704867,27672,0,0,0
51,hold,13,704887,28292,0,-1,0
51,hold,14,704907,28991,-1,0,2
51,hold,15,704927,29623,2,1,1
51,hold,16,704947,30325,2,0,2
51,hold,17,704967,30874,-1,-1,0
51,hold,18,704987,31257,-2,-2,1
51,hold,19,705007,31619,0,-1,1
51,hold,20,705027,32063,0,-1,1
51,hold,21,705047,32563,1,0,1
51,hold,22,705067,33021,0,2,1
51,hold,23,705087,33414,1,-1,1
51,hold,24,705107,33683,0,-1,1
51,hold,25,705127,33887,0,0,0
51,hold,26,705147,34082,-1,-1,-1
51,hold,27,705167,34296,1,-1,0
51,hold,28,705187,34488,0,-1,0
51,hold,29,705207,34668,0,1,-1
51,hold,30,705227,34858,1,2,-1
51,hold,31,705247,35104,-1,-1,1
51,hold,32,705267,35345,0,0,1
51,hold,33,705287,35578,0,0,0
51,hold,34,705307,35769,0,-1,0
51,hold,35,705327,35947,1,0,1
51,hold,36,705347,36118,1,1,2
51,hold,37,705367,36236,0,0,-1
51,hold,38,705387,36359,-1,0,0
51,hold,39,705407,36497,-1,-3,0
51,hold,40,705427,36644,0,-2,0
51,hold,41,705447,36763,1,1,1
51,hold,42,705467,36896,1,1,-1
51,hold,43,705487,37057,1,0,0
51,hold,44,705507,37178,0,0,1
51,hold,45,705527,37267,0,-1,-1
51,hold,46,705547,37400,0,0,-1
51,hold,47,705567,37539,0,-2,-1
51,hold,48,705587,37635,0,0,-1
51,hold,49,705607,37695,0,0,-1
51,hold,50,705627,37789,0,0,2
51,hold,51,705647,37856,2,2,4
51,hold,52,705667,37941,-1,-1,-1
51,hold,53,705687,38027,0,-1,1
51,hold,54,705707,38078,0,0,0
51,hold,55,705727,38173,2,2,1
51,hold,56,705747,38271,1,-1,0
51,hold,57,705767,38388,0,-2,-1
51,hold,58,705787,38513,1,0,-1
51,hold,59,705807,38606,-1,1,1
51,hold,60,705827,38735,-1,-2,-1
51,hold,61,705847,38877,0,0,1
51,hold,62,705867,38959,0,0,0
51,hold,63,705887,38956,-1,-1,0
52,hold,0,708987,639,2,2,3
52,hold,1,709007,2691,5,3,9
52,hold,2,709027,5160,9,3,26
52,hold,3,709047,8094,11,3,15
52,hold,4,709067,9315,11,1,13
52,hold,5,709087,10711,24,0,7
52,hold,6,709107,12103,12,-1,-1
52,hold,7,709127,13118,9,0,0
52,hold,8,709147,14173,4,1,-2
52,hold,9,709167,15054,1,0,-1
52,hold,10,709187,15662,0,0,-1
52,hold,11,709207,16427,2,3,1
52,hold,12,709227,17046,1,-1,-2
52,hold,13,709247,17815,-2,-1,-2
52,hold,14,709267,18266,0,0,1
52,hold,15,709287,18598,1,1,1
52,hold,16,709307,18943,3,0,1
52,hold,17,709327,19262,0,-1,-1
52,hold,18,709347,19714,1,0,-1
52,hold,19,709367,20056,0,-2,-1
52,hold,20,709387,20413,0,-1,0
52,hold,21,709407,20624,1,0,1
52,hold,22,709427,20849,3,0,1
52,hold,23,709447,21221,0,1,0
52,hold,24,709467,21543,2,1,-1
52,hold,25,709487,21787,1,1,0
52,hold,26,709507,22049,1,0,1
52,hold,27,709527,22248,1,-1,-2
52,hold,28,709547,22463,1,1,0
52,hold,29,709567,22782,1,0,1
52,hold,30,709587,23015,2,0,0
52,hold,31,709607,23203,0,0,-1
52,hold,32,709627,23301,1,0,0
52,hold,33,709647,23432,0,1,1
52,hold,34,709667,23636,2,1,3
52,hold,35,709687,23890,2,4,0
52,hold,36,709707,24200,0,2,0
52,hold,37,709727,24312,-1,-2,-2
52,hold,38,709747,24335,0,1,-2
52,hold,39,709767,24371,2,1,1
52,hold,40,709787,24533,0,0,1
52,hold,41,709807,24700,1,-1,-2
52,hold,42,709827,24922,1,-2,-1
52,hold,43,709847,25258,2,1,2
52,hold,44,709867,25423,1,0,0
52,hold,45,709887,25585,2,1,1
52,hold,46,709907,25761,1,1,1
52,hold,47,709927,25932,2,-1,0
52,hold,48,709947,26139,0,-1,0
52,hold,49,709967,26267,1,0,0
52,hold,50,709987,26412,0,0,0
52,hold,51,710007,26561,0,-2,-2
52,hold,52,710027,26703,0,1,-1
52,hold,53,710047,26890,1,0,0
52,hold,54,710067,27001,0,-1,5
52,hold,55,710087,27098,0,-2,0
52,hold,56,710107,27187,1,0,0
52,hold,57,710127,27272,0,0,-1
52,hold,58,710147,27436,1,0,0
52,hold,59,710167,27548,0,1,1
52,hold,60,710187,27628,0,0,0
52,hold,61,710207,27701,0,-1,0
52,hold,62,710227,27796,-1,0,0
52,hold,63,710247,27934,-1,1,0
53,hold,0,713407,0,0,0,0
53,hold,1,713427,0,-1,-2,-1
53,hold,2,713447,0,1,0,1
53,hold,3,713467,1,1,2,1
53,hold,4,713487,-1,0,0,0
53,hold,5,713507,2,-1,-1,1
53,hold,6,713527,9,1,0,0
53,hold,7,713547,12366,7,4,5
53,hold,8,713567,22881,14,6,35
53,hold,9,713587,27649,12,1,22
53,hold,10,713607,31306,19,2,14
53,hold,11,713627,33546,24,1,4
53,hold,12,713647,35916,12,1,0
53,hold,13,713667,37667,5,1,-1
53,hold,14,713687,40066,2,0,-1
53,hold,15,713707,41725,1,0,-1
53,hold,16,713727,42771,2,0,1
53,hold,17,713747,43652,2,2,1
53,hold,18,713767,44284,1,1,1
53,hold,19,713787,45244,1,-1,0
53,hold,20,713807,46032,1,0,-1
53,hold,21,713827,46606,0,-3,0
53,hold,22,713847,46946,0,0,0
53,hold,23,713867,47524,1,0,1
53,hold,24,713887,48324,-1,-1,1
53,hold,25,713907,48794,-1,-3,-1
53,hold,26,713927,49240,-1,-1,-1
53,hold,27,713947,49626,1,1,0
53,hold,28,713967,49905,0,0,1
53,hold,29,713987,50347,1,0,1
53,hold,30,714007,50793,-1,-1,0
53,hold,31,714027,50987,-1,1,0
53,hold,32,714047,51247,1,0,0
53,hold,33,714067,51514,1,0,0
53,hold,34,714087,51742,-1,-1,1
53,hold,35,714107,52092,2,1,0
53,hold,36,714127,52271,1,1,0
53,hold,37,714147,52427,0,1,-1
53,hold,38,714167,52487,1,0,-1
53,hold,39,714187,52571,0,0,0
53,hold,40,714207,52754,0,0,0
53,hold,41,714227,52918,-1,-2,-2
53,hold,42,714247,53008,-1,-1,-1
53,hold,43,714267,53084,-1,0,0
53,hold,44,714287,53139,1,0,0
53,hold,45,714307,53268,2,-1,0
53,hold,46,714327,53408,2,1,1
53,hold,47,714347,53476,2,-1,0
53,hold,48,714367,53403,1,-1,0
53,hold,49,714387,53365,1,0,-1
53,hold,50,714407,53443,0,0,-1
53,hold,51,714427,53491,-2,0,-1
53,hold,52,714447,53539,0,0,1
53,hold,53,714467,53562,-1,-2,-1
53,hold,54,714487,53534,0,0,1
53,hold,55,714507,53513,1,-1,0
53,hold,56,714527,53483,0,0,-2
53,hold,57,714547,53520,-2,0,-1
53,hold,58,714567,53564,-1,0,1
53,hold,59,714587,53530,1,1,0
53,hold,60,714607,53503,1,0,0
53,hold,61,714627,53534,0,0,1
53,hold,62,714647,53657,-1,0,-1
53,hold,63,714667,53838,0,0,2
54,hold,0,717907,10857,10,3,21
54,hold,1,717927,14799,11,4,22
54,hold,2,717947,18907,13,3,18
54,hold,3,717967,20955,27,0,7
54,hold,4,717987,23022,20,2,2
54,hold,5,718007,25529,8,1,0
54,hold,6,718027,27180,3,-1,0
54,hold,7,718047,28535,2,0,0
54,hold,8,718067,29865,1,0,0
54,hold,9,718087,31265,2,0,-1
54,hold,10,718107,32602,1,0,0
54,hold,11,718127,33927,-1,-1,0
54,hold,12,718147,34982,1,2,-2
54,hold,13,718167,35659,0,0,-1
54,hold,14,718187,36096,-1,0,3
54,hold,15,718207,36451,0,-2,-2
54,hold,16,718227,36766,1,0,0
54,hold,17,718247,36990,2,1,0
54,hold,18,718267,37107,-1,-1,0
54,hold,19,718287,37327,1,1,1
54,hold,20,718307,37606,0,0,-1
54,hold,21,718327,37772,0,0,1
54,hold,22,718347,37716,-1,-1,0
54,hold,23,718367,37582,-2,-1,-1
54,hold,24,718387,37675,1,1,0
54,hold,25,718407,37762,1,0,0
54,hold,26,718427,37742,1,2,1
54,hold,27,718447,37447,-2,0,0
54,hold,28,718467,37187,-1,-3,-2
54,hold,29,718487,37131,0,2,1
54,hold,30,718507,37165,2,-1,1
54,hold,31,718527,36952,1,1,0
54,hold,32,718547,36661,1,-1,1
54,hold,33,718567,36618,0,1,0
54,hold,34,718587,36908,1,0,1
54,hold,35,718607,37145,-1,-2,0
54,hold,36,718627,36966,-1,0,-2
54,hold,37,718647,36156,2,0,1
54,hold,38,718667,35996,2,0,4
54,hold,39,718687,36055,-1,0,0
54,hold,40,718707,36250,1,1,0
54,hold,41,718727,36476,0,0,0
54,hold,42,718747,36542,-1,-1,-2
54,hold,43,718767,36573,0,-1,-2
54,hold,44,718787,36649,0,1,0
54,hold,45,718807,36810,0,0,0
54,hold,46,718827,36945,0,-1,-1
54,hold,47,718847,37000,-2,2,-1
54,hold,48,718867,37102,-1,1,1
54,hold,49,718887,37204,0,-1,2
54,hold,50,718907,37303,0,1,2
54,hold,51,718927,37373,0,-1,0
54,hold,52,718947,37447,0,-1,1
54,hold,53,718967,37518,-1,0,0
54,hold,54,718987,37524,0,1,1
54,hold,55,719007,37578,-1,-1,0
54,hold,56,719027,37722,2,1,1
54,hold,57,719047,37789,1,1,1
54,hold,58,719067,37814,-2,0,1
54,hold,59,719087,37780,-3,-1,1
54,hold,60,719107,37789,2,3,1
54,hold,61,719127,37847,-1,0,-1
54,hold,62,719147,37951,-1,0,-1
54,hold,63,719167,38010,2,0,0
55,hold,0,722407,2248,3,0,5
55,hold,1,722427,4386,7,5,21
55,hold,2,722447,6722,7,5,22
55,hold,3,722467,9491,9,3,18
55,hold,4,722487,11529,12,0,7
55,hold,5,722507,13783,22,1,5
55,hold,6,722527,15458,17,0,2
55,hold,7,722547,16484,6,3,-1
55,hold,8,722567,17579,4,1,-1
55,hold,9,722587,18332,0,0,0
55,hold,10,722607,19024,2,0,0
55,hold,11,722627,19880,1,0,-1
55,hold,12,722647,20477,3,0,-1
55,hold,13,722667,21243,0,-2,-2
55,hold,14,722687,21789,2,2,0
55,hold,15,722707,22238,1,3,1
55,hold,16,722727,22779,1,-1,0
55,hold,17,722747,23160,2,0,0
55,hold,18,722767,23490,0,1,0
55,hold,19,722787,23859,0,0,-1
55,hold,20,722807,24097,0,1,-1
55,hold,21,722827,24283,1,1,1
55,hold,22,722847,24464,0,0,0
55,hold,23,722867,24670,-1,0,0
55,hold,24,722887,24817,1,0,0
55,hold,25,722907,24897,0,0,-1
55,hold,26,722927,24884,-1,1,0
55,hold,27,722947,24831,0,0,1
55,hold,28,722967,24759,0,0,0
55,hold,29,722987,24588,1,1,2
55,hold,30,723007,24293,0,1,0
55,hold,31,723027,24104,0,0,0
55,hold,32,723047,24125,-1,-1,0
55,hold,33,723067,24171,-1,1,-1
55,hold,34,723087,24203,0,-1,-2
55,hold,35,723107,24151,0,0,0
55,hold,36,723127,24148,-1,0,-2
55,hold,37,723147,24255,1,0,0
55,hold,38,723167,24360,1,-1,-1
55,hold,39,723187,24398,1,0,1
55,hold,40,723207,24443,0,1,1
55,hold,41,723227,24492,-1,0,1
55,hold,42,723247,24634,0,1,0
55,hold,43,723267,24761,0,0,-1
55,hold,44,723287,24874,1,2,1
55,hold,45,723307,24870,1,2,0
55,hold,46,723327,24802,1,0,0
55,hold,47,723347,24831,1,0,1
55,hold,48,723367,24959,0,1,0
55,hold,49,723387,25099,-3,-2,-2
55,hold,50,723407,25263,1,0,0
55,hold,51,723427,25351,1,0,1
55,hold,52,723447,25413,-1,-1,-3
55,hold,53,723467,25517,-1,-1,-1
55,hold,54,723487,25704,0,0,0
55,hold,55,723507,25840,0,-1,0
55,hold,56,723527,25966,2,1,3
55,hold,57,723547,26081,-1,1,0
55,hold,58,723567,26244,0,1,-2
55,hold,59,723587,26332,-1,1,2
55,hold,60,723607,26388,0,1,0
55,hold,61,723627,26447,0,-3,-2
55,hold,62,723647,26535,-1,3,1
55,hold,63,723667,26650,-1,-1,-2
56,hold,0,726667,17072,14,4,23
56,hold,1,726687,20413,28,2,10
56,hold,2,726707,23051,19,2,5
56,hold,3,726727,26231,7,0,0
56,hold,4,726747,28039,2,-2,-1
56,hold,5,726767,29291,1,2,-2
56,hold,6,726787,30285,-1,1,1
56,hold,7,726807,31105,2,3,1
56,hold,8,726827,31878,1,0,0
56,hold,9,726847,32698,0,1,0
56,hold,10,726867,33439,-1,-1,-1
56,hold,11,726887,34077,-1,-2,-1
56,hold,12,726907,34511,1,0,0
56,hold,13,726927,34832,1,1,1
56,hold,14,726947,35158,1,-1,1
56,hold,15,726967,35467,-1,0,0
56,hold,16,726987,35746,0,0,1
56,hold,17,727007,36008,-1,-2,-1
56,hold,18,727027,36245,1,1,1
56,hold,19,727047,36442,1,1,0
56,hold,20,727067,36634,2,2,-1
56,hold,21,727087,36833,1,-1,0
56,hold,22,727107,36974,0,-1,0
56,hold,23,727127,37126,0,1,1
56,hold,24,727147,37273,-2,-3,-1
56,hold,25,727167,37367,0,-2,0
56,hold,26,727187,37360,-1,0,1
56,hold,27,727207,37364,-1,-1,-1
56,hold,28,727227,37360,0,0,0
56,hold,29,727247,37383,0,2,0
56,hold,30,727267,37396,-1,-2,-3
56,hold,31,727287,37501,1,1,1
56,hold,32,727307,37582,2,2,0
56,hold,33,727327,37560,-1,0,0
56,hold,34,727347,37514,-1,0,0
56,hold,35,727367,37424,-1,0,0
56,hold,36,727387,37442,0,0,-1
56,hold,37,727407,37620,1,0,1
56,hold,38,727427,37910,0,0,0
56,hold,39,727447,38126,1,0,0
56,hold,40,727467,38227,-2,0,0
56,hold,41,727487,38381,0,0,0
56,hold,42,727507,38837,1,0,0
56,hold,43,727527,39956,0,-1,0
56,hold,44,727547,41008,0,1,-1
56,hold,45,727567,41818,1,1,-1
56,hold,46,727587,42249,0,1,1
56,hold,47,727607,43050,-1,-1,0
56,hold,48,727627,43936,0,0,0
56,hold,49,727647,44713,0,0,0
56,hold,50,727667,45389,0,-1,0
56,hold,51,727687,45669,0,1,0
56,hold,52,727707,45887,0,-2,0
56,hold,53,727727,46126,0,-2,0
56,hold,54,727747,46330,1,1,0
56,hold,55,727767,46726,0,1,2
56,hold,56,727787,47139,-1,-2,0
56,hold,57,727807,47515,-1,-1,0
56,hold,58,727827,47717,1,1,0
56,hold,59,727847,47920,2,1,1
56,hold,60,727867,47952,2,1,1
56,hold,61,727887,47875,-1,0,1
56,hold,62,727907,47550,-2,-4,-2
56,hold,63,727927,46164,-11,-5,-13
57,hold,0,731227,2,1,-1,1
57,hold,1,731247,30,-1,0,1
57,hold,2,731267,4608,5,3,7
57,hold,3,731287,9977,12,5,27
57,hold,4,731307,13865,18,5,29
57,hold,5,731327,16687,34,4,15
57,hold,6,731347,20072,14,1,3
57,hold,7,731367,22352,12,2,2
57,hold,8,731387,24289,7,1,0
57,hold,9,731407,26479,5,0,0
57,hold,10,731427,29012,3,2,0
57,hold,11,731447,30830,4,1,0
57,hold,12,731467,32272,3,0,-1
57,hold,13,731487,33287,1,1,0
57,hold,14,731507,34054,1,-1,1
57,hold,15,731527,34788,3,1,0
57,hold,16,731547,35847,-1,-3,0
57,hold,17,731567,37200,1,-2,0
57,hold,18,731587,37887,3,0,1
57,hold,19,731607,38154,0,1,1
57,hold,20,731627,38481,-1,0,-1
57,hold,21,731647,39107,0,1,0
57,hold,22,731667,39674,-1,-1,1
57,hold,23,731687,40462,4,3,1
57,hold,24,731707,41423,0,1,0
57,hold,25,731727,41913,1,3,-1
57,hold,26,731747,41865,-1,0,-1
57,hold,27,731767,41752,0,-1,-1
57,hold,28,731787,41725,-1,0,0
57,hold,29,731807,42017,-1,-2,0
57,hold,30,731827,42152,-2,0,0
57,hold,31,731847,42284,0,0,-2
57,hold,32,731867,42225,0,0,-1
57,hold,33,731887,41538,-1,1,-1
57,hold,34,731907,41578,0,0,-1
57,hold,35,731927,41870,-2,-1,1
57,hold,36,731947,42079,0,0,0
57,hold,37,731967,42193,-1,0,-1
57,hold,38,731987,42324,-1,-1,-1
57,hold,39,732007,41882,-1,0,0
57,hold,40,732027,40955,0,1,1
57,hold,41,732047,40242,1,1,1
57,hold,42,732067,39596,-1,0,-2
57,hold,43,732087,38896,0,-1,0
57,hold,44,732107,38758,0,0,3
57,hold,45,732127,38904,2,2,3
57,hold,46,732147,39231,2,0,1
57,hold,47,732167,39599,1,0,1
57,hold,48,732187,39777,1,0,1
57,hold,49,732207,39709,0,0,-1
57,hold,50,732227,39316,-2,-1,-4
57,hold,51,732247,38994,0,1,-3
57,hold,52,732267,38974,-2,0,1
57,hold,53,732287,39049,1,1,-2
57,hold,54,732307,39192,2,-1,0
57,hold,55,732327,39390,-1,0,0
57,hold,56,732347,39647,0,0,0
57,hold,57,732367,39901,0,0,-2
57,hold,58,732387,40015,-1,0,0
57,hold,59,732407,40066,0,-1,1
57,hold,60,732427,40246,1,0,0
57,hold,61,732447,40397,1,-1,0
57,hold,62,732467,40683,1,-2,0
57,hold,63,732487,41014,-1,-2,-1
58,hold,0,735427,-1,0,0,-2
58,hold,1,735447,-1,-1,-1,0
58,hold,2,735467,0,-2,1,1
58,hold,3,735487,0,0,-1,-2
58,hold,4,735507,0,0,-1,-1
58,hold,5,735527,-1,-1,0,0
58,hold,6,735547,0,0,0,0
58,hold,7,735567,1,0,-1,2
58,hold,8,735587,2,1,-1,2
58,hold,9,735607,9,0,1,-1
58,hold,10,735627,1828,2,1,1
58,hold,11,735647,3585,2,3,4
58,hold,12,735667,4600,4,4,8
58,hold,13,735687,5441,7,1,19
58,hold,14,735707,6066,12,1,17
58,hold,15,735727,6884,9,3,11
58,hold,16,735747,7617,9,2,8
58,hold,17,735767,8212,8,1,7
58,hold,18,735787,8724,19,1,4
58,hold,19,735807,9241,14,3,1
58,hold,20,735827,9589,4,-2,-1
58,hold,21,735847,10024,2,1,0
58,hold,22,735867,10372,3,1,-1
58,hold,23,735887,10652,3,1,1
58,hold,24,735907,10830,2,0,-1
58,hold,25,735927,11037,0,0,-1
58,hold,26,735947,11238,2,0,0
58,hold,27,735967,11411,1,-1,1
58,hold,28,735987,11537,0,-1,0
58,hold,29,736007,11704,0,0,0
58,hold,30,736027,11872,-1,1,0
58,hold,31,736047,11995,1,-1,-2
58,hold,32,736067,12117,0,-1,-2
58,hold,33,736087,12253,2,0,1
58,hold,34,736107,12339,-2,0,-1
58,hold,35,736127,12458,2,0,1
58,hold,36,736147,12612,1,0,-2
58,hold,37,736167,12712,-1,0,-1
58,hold,38,736187,12826,0,1,0
58,hold,39,736207,12959,1,1,1
58,hold,40,736227,13040,1,-2,1
58,hold,41,736247,13138,1,1,0
58,hold,42,736267,13212,-1,0,0
58,hold,43,736287,13297,0,1,2
58,hold,44,736307,13418,0,0,0
58,hold,45,736327,13504,1,3,1
58,hold,46,736347,13607,2,0,-1
58,hold,47,736367,13703,0,0,-2
58,hold,48,736387,13770,0,0,2
58,hold,49,736407,13895,3,0,1
58,hold,50,736427,14027,1,1,0
58,hold,51,736447,14131,0,-1,2
58,hold,52,736467,14263,2,0,2
58,hold,53,736487,14338,-1,-2,-4
58,hold,54,736507,14422,1,1,-1
58,hold,55,736527,14486,-3,-3,-1
58,hold,56,736547,14510,1,-2,1
58,hold,57,736567,14516,0,-1,0
58,hold,58,736587,14594,1,1,-1
58,hold,59,736607,14739,1,1,0
58,hold,60,736627,14835,0,1,0
58,hold,61,736647,14927,0,-1,-1
58,hold,62,736667,14950,1,-1,0
58,hold,63,736687,14985,2,1,0
59,hold,0,739667,0,-1,0,-1
59,hold,1,739687,0,1,1,-2
59,hold,2,739707,0,-1,-2,-1
59,hold,3,739727,2,-2,-1,0
59,hold,4,739747,1,2,0,1
59,hold,5,739767,0,0,-1,0
59,hold,6,739787,-1,1,-1,1
59,hold,7,739807,-1,0,1,2
59,hold,8,739827,0,1,0,-1
59,hold,9,739847,4,-1,-1,-2
59,hold,10,739867,2878,1,1,1
59,hold,11,739887,7871,5,1,7
59,hold,12,739907,11030,12,4,28
59,hold,13,739927,13564,14,3,23
59,hold,14,739947,14820,29,1,12
59,hold,15,739967,16142,15,1,3
59,hold,16,739987,17028,8,1,2
59,hold,17,740007,18083,4,1,3
59,hold,18,740027,18730,1,0,-3
59,hold,19,740047,19450,1,0,0
59,hold,20,740067,20029,2,2,0
59,hold,21,740087,20705,4,1,1
59,hold,22,740107,21776,1,0,-1
59,hold,23,740127,22477,1,0,0
59,hold,24,740147,23152,1,0,0
59,hold,25,740167,23997,1,0,-1
59,hold,26,740187,24596,1,0,-1
59,hold,27,740207,25194,2,0,1
59,hold,28,740227,25727,1,0,1
59,hold,29,740247,26321,0,0,0
59,hold,30,740267,26749,1,0,-1
59,hold,31,740287,27194,0,1,-1
59,hold,32,740307,27653,1,-2,-1
59,hold,33,740327,28104,1,0,1
59,hold,34,740347,28645,1,1,-1
59,hold,35,740367,29049,1,-2,0
59,hold,36,740387,29438,1,3,1
59,hold,37,740407,29795,1,-1,0
59,hold,38,740427,30074,-1,0,-1
59,hold,39,740447,30320,0,0,1
59,hold,40,740467,30521,0,-1,-1
59,hold,41,740487,30666,-1,0,-2
59,hold,42,740507,30833,0,-1,0
59,hold,43,740527,31041,0,-1,-1
59,hold,44,740547,31213,0,1,0
59,hold,45,740567,31358,1,0,0
59,hold,46,740587,31443,0,1,0
59,hold,47,740607,31435,0,0,0
59,hold,48,740627,31460,-1,0,1
59,hold,49,740647,31583,0,-1,0
59,hold,50,740667,31732,1,2,0
59,hold,51,740687,31880,0,1,-1
59,hold,52,740707,31977,-1,0,-3
59,hold,53,740727,31962,0,-1,0
59,hold,54,740747,31836,0,0,0
59,hold,55,740767,31921,1,-1,-2
59,hold,56,740787,32041,1,1,0
59,hold,57,740807,32097,0,0,-1
59,hold,58,740827,32150,0,0,-1
59,hold,59,740847,32165,-1,1,0
59,hold,60,740867,32249,0,0,0
59,hold,61,740887,32546,1,0,1
59,hold,62,740907,32817,0,1,0
59,hold,63,740927,32988,0,1,1
60,two_tap,0,745367,0,1,-2,0
60,two_tap,1,745387,-1,0,0,0
60,two_tap,2,745407,0,0,1,-1
60,two_tap,3,745427,0,0,-2,-1
60,two_tap,4,745447,0,0,-1,0
60,two_tap,5,745467,0,-1,-1,0
60,two_tap,6,745487,-1,-1,-1,-2
60,two_tap,7,745507,-1,0,0,1
60,two_tap,8,745527,0,0,1,-1
60,two_tap,9,745547,0,-1,-1,1
60,two_tap,10,745567,1,0,1,1
60,two_tap,11,745587,0,-1,0,0
60,two_tap,12,756127,1,1,0,1
60,two_tap,13,756147,0,-2,-1,-1
60,two_tap,14,756167,1,-1,0,1
60,two_tap,15,756187,8,-1,1,3
60,two_tap,16,756207,57,0,0,13
60,two_tap,17,756227,104,0,0,229
60,two_tap,18,756247,95,3,2,1461
60,two_tap,19,756267,171,1,7,5653
60,two_tap,20,756287,298,4,11,15737
60,two_tap,21,756307,1860,24,51,25774
60,two_tap,22,756327,3976,35,52,33636
60,two_tap,23,756347,5300,25,44,39234
60,two_tap,24,756367,7034,15,32,46457
60,two_tap,25,756387,8168,11,34,51580
60,two_tap,26,756407,9200,8,35,60243
60,two_tap,27,756427,10600,6,32,64420
60,two_tap,28,756447,11545,6,31,67504
60,two_tap,29,756467,12394,5,27,70238
60,two_tap,30,756487,13124,2,24,73261
60,two_tap,31,756507,13825,3,16,76556
60,two_tap,32,756527,14538,1,17,78871
60,two_tap,33,756547,15194,4,17,80583
60,two_tap,34,756567,15769,3,17,81948
60,two_tap,35,756587,16301,3,24,83212
60,two_tap,36,756607,16814,2,28,84275
60,two_tap,37,756627,17284,1,36,85421
60,two_tap,38,756647,17472,1,22,86515
60,two_tap,39,756667,17867,-1,7,87293
60,two_tap,40,756687,18222,0,6,87577
60,two_tap,41,756707,18536,1,13,88320
60,two_tap,42,756727,18863,1,17,88931
60,two_tap,43,756747,19161,1,11,89659
60,two_tap,44,756767,19433,1,3,90340
60,two_tap,45,756787,19601,-1,5,90862
60,two_tap,46,756807,19880,1,6,91223
60,two_tap,47,756827,20189,2,2,91716
60,two_tap,48,756847,20495,0,-12,92352
60,two_tap,49,756867,20737,2,-15,93063
60,two_tap,50,756887,20889,-1,-12,93584
60,two_tap,51,756907,21074,0,-8,93917
60,two_tap,52,756927,21285,0,-4,94323
60,two_tap,53,756947,21494,2,-6,94823
60,two_tap,54,756967,21554,1,-5,95360
60,two_tap,55,756987,21734,-1,-4,95584
60,two_tap,56,757007,21860,-2,-4,96041
60,two_tap,57,757027,22023,0,-2,96422
60,two_tap,58,757047,22080,2,-2,96977
60,two_tap,59,757067,22286,1,-2,97168
60,two_tap,60,757087,22430,2,-2,97713
60,two_tap,61,757107,22604,2,1,97976
60,two_tap,62,757127,22669,0,-1,98661
60,two_tap,63,757147,22836,0,1,98883
61,two_tap,0,761407,-2,0,0,0
61,two_tap,1,761427,0,0,2,1
61,two_tap,2,761447,1,0,0,0
61,two_tap,3,761467,1,1,-2,1
61,two_tap,4,761487,0,1,1,0
61,two_tap,5,761507,0,1,0,3
61,two_tap,6,761527,1,0,2,2
61,two_tap,7,761547,5,1,0,2
61,two_tap,8,761567,110,1,-2,166
61,two_tap,9,761587,320,2,2,2815
61,two_tap,10,761607,1356,10,6,9197
61,two_tap,11,761627,2733,24,13,17035
61,two_tap,12,761647,3989,38,46,27219
61,two_tap,13,761667,5535,24,65,40171
61,two_tap,14,761687,6570,19,64,50194
61,two_tap,15,761707,8117,16,45,64012
61,two_tap,16,761727,9211,16,32,73190
61,two_tap,17,761747,10315,18,21,83259
61,two_tap,18,761767,10828,20,13,94040
61,two_tap,19,761787,11702,18,11,98348
61,two_tap,20,761807,12431,20,9,105268
61,two_tap,21,761827,13118,21,6,110918
61,two_tap,22,761847,13471,25,5,115135
61,two_tap,23,761867,14162,20,3,116932
61,two_tap,24,761887,14829,21,2,120125
61,two_tap,25,761907,15146,23,4,121640
61,two_tap,26,761927,15756,18,5,124408
61,two_tap,27,761947,16038,16,6,127063
61,two_tap,28,761967,16534,13,5,128380
61,two_tap,29,761987,16753,11,2,130919
61,two_tap,30,762007,17102,9,1,132201
61,two_tap,31,762027,17268,6,1,134509
61,two_tap,32,762047,17581,5,3,135528
61,two_tap,33,762067,17722,8,2,137349
61,two_tap,34,762087,17986,10,2,138259
61,two_tap,35,762107,18106,11,0,139772
61,two_tap,36,762127,18331,13,-1,140393
61,two_tap,37,762147,18426,12,0,141030
61,two_tap,38,762167,18653,8,2,142293
61,two_tap,39,762187,18752,10,3,142871
61,two_tap,40,762207,18933,7,0,143970
61,two_tap,41,762227,19023,8,0,144515
61,two_tap,42,762247,19207,9,0,147853
61,two_tap,43,762267,19301,11,2,150514
61,two_tap,44,762287,19394,10,3,152392
61,two_tap,45,762307,19582,-3,2,154851
61,two_tap,46,762327,19679,-5,0,155584
61,two_tap,47,762347,19771,-4,1,156691
61,two_tap,48,762367,19949,1,2,157451
61,two_tap,49,762387,20035,2,3,158101
61,two_tap,50,762407,20195,3,2,159085
61,two_tap,51,762427,20271,3,1,159472
61,two_tap,52,762447,20345,4,3,159852
61,two_tap,53,762467,20486,5,3,160440
61,two_tap,54,762487,20560,5,0,160746
61,two_tap,55,762507,20626,3,1,161059
61,two_tap,56,762527,20792,3,0,161696
61,two_tap,57,762547,20864,3,1,161973
61,two_tap,58,762567,20937,2,3,162304
61,two_tap,59,762587,21081,1,1,162931
61,two_tap,60,762607,21159,4,2,163215
61,two_tap,61,762627,21229,3,0,163543
61,two_tap,62,762647,21367,4,2,164214
61,two_tap,63,762667,21440,4,4,164625
62,two_tap,0,766347,1,-1,1,1
62,two_tap,1,766367,0,1,0,0
62,two_tap,2,766387,-1,1,0,1
62,two_tap,3,766407,0,0,0,-1
62,two_tap,4,766427,1,0,0,-1
62,two_tap,5,766447,1,0,-2,2
62,two_tap,6,766467,0,1,2,0
62,two_tap,7,766487,0,1,0,2
62,two_tap,8,766507,0,-1,1,2
62,two_tap,9,766527,1,1,1,4
62,two_tap,10,766547,2,0,1,39
62,two_tap,11,766567,4,1,-1,1233
62,two_tap,12,766587,23,1,1,2507
62,two_tap,13,766607,2074,4,1,6052
62,two_tap,14,766627,4783,16,7,12091
62,two_tap,15,766647,7725,33,11,22681
62,two_tap,16,766667,9934,36,12,32245
62,two_tap,17,766687,11926,30,38,41265
62,two_tap,18,766707,13141,26,51,47208
62,two_tap,19,766727,14314,36,35,56116
62,two_tap,20,766747,15506,34,23,62349
62,two_tap,21,766767,17352,30,18,68559
62,two_tap,22,766787,18532,24,12,75339
62,two_tap,23,766807,19072,18,11,80827
62,two_tap,24,766827,20102,15,6,85431
62,two_tap,25,766847,21101,13,4,87413
62,two_tap,26,766867,22020,18,3,90856
62,two_tap,27,766887,22821,15,3,93574
62,two_tap,28,766907,23198,14,2,96267
62,two_tap,29,766927,23911,14,7,97701
62,two_tap,30,766947,24504,12,7,100617
62,two_tap,31,766967,25026,12,6,103060
62,two_tap,32,766987,25264,6,2,104110
62,two_tap,33,767007,25719,5,5,105802
62,two_tap,34,767027,26105,3,4,107233
62,two_tap,35,767047,26297,3,2,107864
62,two_tap,36,767067,26618,3,5,109392
62,two_tap,37,767087,26785,3,11,111373
62,two_tap,38,767107,27109,0,13,112420
62,two_tap,39,767127,27391,-1,12,114643
62,two_tap,40,767147,27496,0,7,115685
62,two_tap,41,767167,27655,-1,7,117543
62,two_tap,42,767187,27728,0,4,118359
62,two_tap,43,767207,27837,0,4,119910
62,two_tap,44,767227,27883,0,5,120639
62,two_tap,45,767247,27972,-1,3,121949
62,two_tap,46,767267,28047,-1,1,122969
62,two_tap,47,767287,28169,-2,0,123442
62,two_tap,48,767307,28260,0,1,124488
62,two_tap,49,767327,28421,1,4,124985
62,two_tap,50,767347,28491,1,1,126086
62,two_tap,51,767367,28607,0,2,126665
62,two_tap,52,767387,28686,0,1,127628
62,two_tap,53,767407,28865,-1,0,128048
62,two_tap,54,767427,28937,-2,1,128471
62,two_tap,55,767447,29094,-3,-2,129191
62,two_tap,56,767467,29171,-3,-1,129461
62,two_tap,57,767487,29327,-1,0,129986
62,two_tap,58,767507,29396,-1,0,130250
62,two_tap,59,767527,29542,0,-1,130821
62,two_tap,60,767547,29618,0,0,131077
62,two_tap,61,767567,29795,-2,1,131574
62,two_tap,62,767587,29884,0,1,131814
62,two_tap,63,767607,29974,-1,2,132247
65,two_tap,0,781927,-1,-2,0,-1
65,two_tap,1,781947,-2,1,0,2
65,two_tap,2,781967,0,2,-1,-1
65,two_tap,3,781987,-1,-2,-3,-2
65,two_tap,4,782007,0,0,-1,2
65,two_tap,5,782027,0,1,2,2
65,two_tap,6,782047,1,1,0,0
65,two_tap,7,782067,0,1,1,1
65,two_tap,8,782087,0,0,-2,1
65,two_tap,9,782107,0,-1,0,1
65,two_tap,10,782127,-1,0,0,0
65,two_tap,11,782147,0,1,-3,-2
65,two_tap,12,782167,1,1,1,0
65,two_tap,13,78217667,1,-1,-1,-1
65,two_tap,14,787687,8,0,0,6
65,two_tap,15,787707,39,-1,0,10
65,two_tap,16,787727,114,0,-1,137
65,two_tap,17,787747,92,0,-1,968
65,two_tap,18,787767,35,-1,1,1493
65,two_tap,19,787787,40,0,0,2132
65,two_tap,20,787807,87,0,0,2532
65,two_tap,21,787827,166,2,3,3016
65,two_tap,22,787847,194,2,1,3638
65,two_tap,23,787867,181,1,2,4644
65,two_tap,24,787887,171,2,1,5291
65,two_tap,25,787907,155,2,2,5652
65,two_tap,26,787927,188,6,4,7632
65,two_tap,27,787947,238,11,5,10697
65,two_tap,28,787967,301,18,6,17360
65,two_tap,29,787987,1137,22,34,21936
65,two_tap,30,788007,2102,15,49,26719
65,two_tap,31,788027,2855,10,29,30638
65,two_tap,32,788047,3356,3,11,33166
65,two_tap,33,788067,3628,2,6,34573
65,two_tap,34,788087,3975,1,1,34913
65,two_tap,35,788107,4369,3,-2,33660
65,two_tap,36,788127,4796,0,-1,30491
65,two_tap,37,788147,5134,0,0,30083
65,two_tap,38,788167,5334,-1,-1,30781
65,two_tap,39,788187,5451,-3,0,32067
65,two_tap,40,788207,5643,-1,0,32883
65,two_tap,41,788227,5866,2,1,33716
65,two_tap,42,788247,6054,1,1,34708
65,two_tap,43,788267,6213,0,1,35803
65,two_tap,44,788287,6312,0,-2,36496
65,two_tap,45,788307,6464,1,1,37486
65,two_tap,46,788327,6640,0,1,38307
65,two_tap,47,788347,6747,0,3,38672
65,two_tap,48,788367,6863,0,0,38981
65,two_tap,49,788387,6967,0,0,39455
65,two_tap,50,788407,7036,-1,-3,39852
65,two_tap,51,788427,7122,2,2,40493
65,two_tap,52,788447,7179,0,1,41154
65,two_tap,53,788467,7272,0,1,41510
65,two_tap,54,788487,7373,0,0,42136
65,two_tap,55,788507,7427,-3,0,42667
65,two_tap,56,788527,7500,0,0,43490
65,two_tap,57,788547,7548,1,1,44218
65,two_tap,58,788567,7635,1,1,44548
65,two_tap,59,788587,7688,1,0,45046
65,two_tap,60,788607,7765,2,2,45433
65,two_tap,61,788627,7819,1,1,46415
65,two_tap,62,788647,7882,0,1,47260
65,two_tap,63,788667,7919,1,1,48408
66,two_tap,0,792607,184,1,1,0
66,two_tap,1,792627,264,1,-2,3
66,two_tap,2,792647,304,1,1,12
66,two_tap,3,792667,1003,1,2,849
66,two_tap,4,792687,1564,6,5,3702
66,two_tap,5,792707,1953,6,6,7667
66,two_tap,6,792727,2362,8,3,10141
66,two_tap,7,792747,2648,14,5,11955
66,two_tap,8,792767,3101,23,6,14696
66,two_tap,9,792787,3420,17,16,18585
66,two_tap,10,792807,3819,10,31,21129
66,two_tap,11,792827,4182,7,38,24085
66,two_tap,12,792847,4383,4,21,25634
66,two_tap,13,792867,5276,2,9,22848
66,two_tap,14,792887,5933,-1,5,19923
66,two_tap,15,792907,6434,0,2,19051
66,two_tap,16,792927,6819,-1,0,20022
66,two_tap,17,792947,7128,0,-2,21580
66,two_tap,18,792967,7420,0,-2,22754
66,two_tap,19,792987,7715,1,1,23961
66,two_tap,20,793007,7960,-1,0,24193
66,two_tap,21,793027,8138,2,-1,18969
66,two_tap,22,793047,8276,-1,-1,17605
66,two_tap,23,793067,8378,0,-1,21917
66,two_tap,24,793087,8507,1,0,26191
66,two_tap,25,793107,8600,2,2,29302
66,two_tap,26,793127,8756,1,2,30802
66,two_tap,27,793147,8891,0,1,31963
66,two_tap,28,793167,8992,1,-1,32045
66,two_tap,29,793187,9102,0,-3,31475
66,two_tap,30,793207,9188,-1,-1,31534
66,two_tap,31,793227,9324,0,-1,31992
66,two_tap,32,793247,9485,1,0,32303
66,two_tap,33,793267,9620,2,0,32701
66,two_tap,34,793287,9729,1,-2,32976
66,two_tap,35,793307,9817,-1,1,33524
66,two_tap,36,793327,9969,-2,-1,34058
66,two_tap,37,793347,10119,0,0,35572
66,two_tap,38,793367,10199,1,1,37153
66,two_tap,39,793387,10321,1,2,38130
66,two_tap,40,793407,10433,0,0,39658
66,two_tap,41,793427,10507,0,-1,40475
66,two_tap,42,793447,10618,1,0,41496
66,two_tap,43,793467,10689,-1,0,42099
66,two_tap,44,793487,10791,0,-1,42391
66,two_tap,45,793507,10852,1,2,42932
66,two_tap,46,793527,10947,0,0,43368
66,two_tap,47,793547,11038,0,0,44031
66,two_tap,48,793567,11089,2,0,44451
66,two_tap,49,793587,11158,2,0,45252
66,two_tap,50,793607,11200,-1,-2,45806
66,two_tap,51,793627,11259,-2,-2,46640
66,two_tap,52,793647,11303,1,2,47206
66,two_tap,53,793667,11343,0,1,48358
66,two_tap,54,793687,11387,0,-1,49086
66,two_tap,55,793707,11422,0,-1,50215
66,two_tap,56,793727,11473,1,0,50902
66,two_tap,57,793747,11505,1,-1,51558
66,two_tap,58,793767,11550,0,0,52576
66,two_tap,59,793787,11620,0,0,53168
66,two_tap,60,793807,11652,0,1,53720
66,two_tap,61,793827,11678,1,1,54629
66,two_tap,62,793847,11707,0,1,55341
66,two_tap,63,793867,11748,2,0,56260
67,two_tap,0,797367,0,0,0,0
67,two_tap,1,797387,0,2,-1,1
67,two_tap,2,797407,-1,-2,0,0
67,two_tap,3,797427,-1,-1,-1,0
67,two_tap,4,797447,0,0,1,1
67,two_tap,5,797467,-2,-2,-1,-2
67,two_tap,6,797487,0,2,2,1
67,two_tap,7,797507,3,2,0,2
67,two_tap,8,797527,1,-1,0,0
67,two_tap,9,797547,2,0,1,1
67,two_tap,10,797567,3,0,1,1
67,two_tap,11,797587,-1,-1,-2,-1
67,two_tap,12,797607,1,-1,-1,1
67,two_tap,13,797627,4,-1,-1,0
67,two_tap,14,797647,18,0,1,2
67,two_tap,15,797667,120,2,0,1
67,two_tap,16,797687,506,1,1,6
67,two_tap,17,797707,2154,4,3,41
67,two_tap,18,797727,3269,9,7,299
67,two_tap,19,797747,3849,11,5,1247
67,two_tap,20,797767,4331,10,4,1702
67,two_tap,21,797787,4748,21,8,2168
67,two_tap,22,797807,5175,11,27,2711
67,two_tap,23,797827,5611,6,47,3174
67,two_tap,24,797847,6033,3,19,3361
67,two_tap,25,797867,6382,0,7,3366
67,two_tap,26,797887,6858,3,4,3379
67,two_tap,27,797907,7341,1,1,3629
67,two_tap,28,797927,7599,0,-1,3939
67,two_tap,29,797947,7853,0,-2,4178
67,two_tap,30,797967,8086,0,-1,4496
67,two_tap,31,797987,8259,1,1,4730
67,two_tap,32,798007,8475,0,2,5147
67,two_tap,33,798027,8626,2,1,5527
67,two_tap,34,798047,8801,1,0,5807
67,two_tap,35,798067,8907,0,0,6440
67,two_tap,36,798087,9039,0,0,7013
67,two_tap,37,798107,9125,-1,1,7793
67,two_tap,38,798127,9234,0,-1,8364
67,two_tap,39,798147,9311,2,1,8840
67,two_tap,40,798167,9393,1,1,9403
67,two_tap,41,798187,9431,1,1,9953
67,two_tap,42,798207,9446,1,0,10595
67,two_tap,43,798227,9449,0,2,10929
67,two_tap,44,798247,9467,-1,-1,11228
67,two_tap,45,798267,9467,0,-2,11699
67,two_tap,46,798287,9439,-2,2,12067
67,two_tap,47,798307,9502,0,-1,12411
67,two_tap,48,798327,9580,0,-1,12900
67,two_tap,49,798347,9650,-1,-1,13198
67,two_tap,50,798367,9695,2,2,13409
67,two_tap,51,798387,9730,2,3,13567
67,two_tap,52,798407,9741,0,-1,13766
67,two_tap,53,798427,9718,2,0,13947
67,two_tap,54,798447,9753,0,1,14123
67,two_tap,55,798467,9814,0,0,14257
67,two_tap,56,798487,9866,-1,0,14373
67,two_tap,57,798507,9933,2,-1,14455
67,two_tap,58,798527,9972,0,0,14563
67,two_tap,59,798547,10026,1,1,14683
67,two_tap,60,798567,10082,0,2,14839
67,two_tap,61,798587,10146,1,0,14941
67,two_tap,62,798607,10176,-1,-1,15041
67,two_tap,63,798627,10212,1,1,15129
68,two_tap,0,802167,1,0,0,0
68,two_tap,1,802187,0,1,1,2
68,two_tap,2,802207,1,-1,0,2
68,two_tap,3,802227,1,0,-1,-1
68,two_tap,4,802247,3,-1,0,-1
68,two_tap,5,802267,10,-1,0,0
68,two_tap,6,802287,44,-1,1,4
68,two_tap,7,802307,107,1,2,18
68,two_tap,8,802327,94,1,1,13
68,two_tap,9,802347,141,4,3,21
68,two_tap,10,802367,521,10,4,193
68,two_tap,11,802387,1722,13,5,678
68,two_tap,12,802407,2659,14,5,1263
68,two_tap,13,802427,3402,20,2,1915
68,two_tap,14,802447,3892,14,6,2961
68,two_tap,15,802467,4720,5,17,3505
68,two_tap,16,802487,5508,3,52,4310
68,two_tap,17,802507,5921,5,25,5121
68,two_tap,18,802527,6265,1,8,5659
68,two_tap,19,802547,6560,0,4,6322
68,two_tap,20,802567,6703,-1,3,7083
68,two_tap,21,802587,6889,2,0,7671
68,two_tap,22,802607,7009,1,0,8554
68,two_tap,23,802627,7115,0,-1,9133
68,two_tap,24,802647,7126,-2,0,9630
68,two_tap,25,802667,7172,0,1,10251
68,two_tap,26,802687,7196,0,0,10704
68,two_tap,27,802707,7213,0,-1,11294
68,two_tap,28,802727,7183,1,1,11779
68,two_tap,29,802747,7115,1,-1,12300
68,two_tap,30,802767,6999,-1,0,12970
68,two_tap,31,802787,7005,-1,0,13487
68,two_tap,32,802807,7000,0,1,13939
68,two_tap,33,802827,6981,0,1,14439
68,two_tap,34,802847,6742,0,0,14778
68,two_tap,35,802867,6446,0,0,15117
68,two_tap,36,802887,6387,-1,0,15587
68,two_tap,37,802907,6320,0,1,15880
68,two_tap,38,802927,6186,0,0,16132
68,two_tap,39,802947,6060,0,1,16387
68,two_tap,40,802967,6123,0,0,16677
68,two_tap,41,802987,6264,-1,1,16848
68,two_tap,42,803007,6265,1,0,17026
68,two_tap,43,803027,6275,1,0,17207
68,two_tap,44,803047,6352,1,1,17399
68,two_tap,45,803067,6432,0,0,17477
68,two_tap,46,803087,6470,0,1,17561
68,two_tap,47,803107,6530,1,2,17672
68,two_tap,48,803127,6539,0,-1,17805
68,two_tap,49,803147,6555,0,-1,17912
68,two_tap,50,803167,6585,-1,1,18008
68,two_tap,51,803187,6618,-1,-1,18097
68,two_tap,52,803207,6635,-1,1,18168
68,two_tap,53,803227,6667,-1,0,18320
68,two_tap,54,803247,6719,2,1,18424
68,two_tap,55,803267,6756,0,-3,18490
68,two_tap,56,803287,6767,-1,0,18536
68,two_tap,57,803307,6783,0,0,18583
68,two_tap,58,803327,6858,1,-2,18623
68,two_tap,59,803347,6953,-2,-1,18634
68,two_tap,60,803367,7006,0,0,18648
68,two_tap,61,803387,7040,0,0,18635
68,two_tap,62,803407,7040,0,0,18619
68,two_tap,63,803427,7026,0,0,18541
70,two_tap,0,811807,1,-1,-1,0
70,two_tap,1,811827,1,0,-1,0
70,two_tap,2,811847,1,0,0,0
70,two_tap,3,811867,-1,-2,1,0
70,two_tap,4,811887,0,0,1,0
70,two_tap,5,811907,-1,-1,-1,-1
70,two_tap,6,811927,0,1,0,0
70,two_tap,7,811947,-1,0,0,0
70,two_tap,8,811967,1,0,0,-1
70,two_tap,9,811987,0,0,-1,0
70,two_tap,10,812007,0,-1,0,-1
70,two_tap,11,812027,1,0,-1,0
70,two_tap,12,812047,1,-1,1,2
70,two_tap,13,812067,2,-1,2,0
70,two_tap,14,812087,11,2,1,4
70,two_tap,15,812107,974,4,2,7
70,two_tap,16,812127,2463,5,5,22
70,two_tap,17,812147,4404,11,5,31
70,two_tap,18,812167,6163,11,3,28
70,two_tap,19,812187,7015,9,3,15
70,two_tap,20,812207,7793,19,7,21
70,two_tap,21,812227,8672,13,19,20
70,two_tap,22,812247,9850,6,49,31
70,two_tap,23,812267,11244,6,26,24
70,two_tap,24,812287,12469,3,9,20
70,two_tap,25,812307,14366,3,5,103
70,two_tap,26,812327,15737,1,1,67
70,two_tap,27,812347,17345,0,1,73
70,two_tap,28,812367,18262,0,1,117
70,two_tap,29,812387,19219,0,0,1018
70,two_tap,30,812407,19766,2,3,1081
70,two_tap,31,812427,20193,-2,-2,2870
70,two_tap,32,812447,20481,-1,1,3846
70,two_tap,33,812467,20765,2,0,4448
70,two_tap,34,812487,20892,0,2,4832
70,two_tap,35,812507,20897,-1,1,5411
70,two_tap,36,812527,20842,0,0,6358
70,two_tap,37,812547,20677,-1,-1,7907
70,two_tap,38,812567,20318,-2,-1,8790
70,two_tap,39,812587,19599,1,1,9698
70,two_tap,40,812607,18482,0,1,13550
70,two_tap,41,812627,18015,0,1,16093
70,two_tap,42,812647,17441,-1,0,18571
70,two_tap,43,812667,16731,-1,0,20831
70,two_tap,44,812687,15980,0,1,22334
70,two_tap,45,812707,15063,-1,2,24885
70,two_tap,46,812727,14162,0,0,27382
70,two_tap,47,812747,13023,0,0,29777
70,two_tap,48,812767,12421,-1,2,32046
70,two_tap,49,812787,12146,1,2,33782
70,two_tap,50,812807,12114,1,1,37322
70,two_tap,51,812827,11850,1,1,40199
70,two_tap,52,812847,10926,1,2,41657
70,two_tap,53,812867,9969,-1,1,43337
70,two_tap,54,812887,8686,-1,0,44453
70,two_tap,55,812907,8091,-1,0,46931
70,two_tap,56,812927,7884,0,1,48808
70,two_tap,57,812947,7747,1,-1,51352
70,two_tap,58,812967,7992,1,0,52835
70,two_tap,59,812987,8260,2,1,54706
70,two_tap,60,813007,8547,1,2,55724
70,two_tap,61,813027,8941,-1,-2,56574
70,two_tap,62,813047,9437,0,0,57651
70,two_tap,63,813067,10035,0,1,58440
71,two_tap,0,817427,0,-2,0,0
71,two_tap,1,817447,0,1,0,0
71,two_tap,2,817467,0,0,-1,0
71,two_tap,3,817487,0,1,0,2
71,two_tap,4,817507,0,1,1,2
71,two_tap,5,817527,0,1,-1,1
71,two_tap,6,817547,0,0,-2,-1
71,two_tap,7,817567,0,-1,1,-1
71,two_tap,8,817587,0,2,0,1
71,two_tap,9,817607,0,1,1,0
71,two_tap,10,817627,-1,-1,0,-1
71,two_tap,11,817647,0,1,1,1
71,two_tap,12,845427,2769,-1,1,135
71,two_tap,13,845447,3306,1,-1,1506
71,two_tap,14,845467,3854,0,2,8054
71,two_tap,15,845487,4050,1,1,8540
71,two_tap,16,845507,4126,0,0,8951
71,two_tap,17,845527,4565,1,2,9665
71,two_tap,18,845547,5143,9,4,10194
71,two_tap,19,845567,6238,10,6,11400
71,two_tap,20,845587,7080,6,9,12904
71,two_tap,21,845607,7748,7,10,15580
71,two_tap,22,845627,8519,22,42,18306
71,two_tap,23,845647,9571,24,44,25252
71,two_tap,24,845667,10364,15,28,29313
71,two_tap,25,845687,11249,8,18,31334
71,two_tap,26,845707,12265,5,11,35187
71,two_tap,27,845727,12840,3,9,39644
71,two_tap,28,845747,13553,0,6,42752
71,two_tap,29,845767,13975,1,6,46850
71,two_tap,30,845787,14529,0,5,48852
71,two_tap,31,845807,14898,1,0,50259
71,two_tap,32,845827,15284,1,-1,51799
71,two_tap,33,845847,15843,1,-2,52776
71,two_tap,34,845867,16167,0,0,53773
71,two_tap,35,845887,16431,0,1,55112
71,two_tap,36,845907,16755,0,1,55755
71,two_tap,37,845927,16949,1,1,56272
71,two_tap,38,845947,17114,-1,1,56639
71,two_tap,39,845967,17275,-1,1,57216
71,two_tap,40,845987,17509,0,1,57658
71,two_tap,41,846007,17665,1,4,58011
71,two_tap,42,846027,17836,1,4,58338
71,two_tap,43,846047,18014,1,3,58669
71,two_tap,44,846067,18168,0,2,59108
71,two_tap,45,846087,18355,1,1,59362
71,two_tap,46,846107,18492,1,0,59630
71,two_tap,47,846127,18676,1,-1,59871
71,two_tap,48,846147,18814,1,0,60095
71,two_tap,49,846167,18935,0,0,60343
71,two_tap,50,846187,19102,0,0,60475
71,two_tap,51,846207,19206,1,-2,60634
71,two_tap,52,846227,19320,-1,-2,60862
71,two_tap,53,846247,19421,-1,1,61048
71,two_tap,54,846267,19514,-1,-1,61209
71,two_tap,55,846287,19604,0,-2,61407
71,two_tap,56,846307,19729,1,-2,61608
71,two_tap,57,846327,19818,-1,1,61862
71,two_tap,58,846347,19921,1,2,62172
71,two_tap,59,846367,20024,-1,-2,62495
71,two_tap,60,846387,20102,0,-1,62847
71,two_tap,61,846407,20170,2,1,63138
71,two_tap,62,846427,20242,1,0,63528
71,two_tap,63,846447,20330,0,1,63780
72,two_tap,0,849667,1,2,0,-1
72,two_tap,1,849687,-1,0,0,-2
72,two_tap,2,849707,1,0,0,-2
72,two_tap,3,849727,2,0,0,2
72,two_tap,4,849747,1,-1,0,-2
72,two_tap,5,849767,-1,-1,-2,0
72,two_tap,6,849787,1,-1,1,2
72,two_tap,7,849807,6,1,-1,6
72,two_tap,8,849827,20,-1,2,17
72,two_tap,9,849847,208,-2,0,827
72,two_tap,10,849867,258,0,2,1564
72,two_tap,11,849887,1576,7,7,2531
72,two_tap,12,849907,3790,14,12,3888
72,two_tap,13,849927,5506,12,11,5274
72,two_tap,14,849947,6367,25,19,6544
72,two_tap,15,849967,7265,19,42,8056
72,two_tap,16,849987,7866,9,44,10003
72,two_tap,17,850007,8638,4,28,11264
72,two_tap,18,850027,9255,3,28,12267
72,two_tap,19,850047,9884,2,17,13260
72,two_tap,20,850067,10685,3,12,13873
72,two_tap,21,850087,11246,0,5,14447
72,two_tap,22,850107,11774,-1,2,15058
72,two_tap,23,850127,12245,1,2,15723
72,two_tap,24,850147,12669,-1,1,16361
72,two_tap,25,850167,13105,2,2,17079
72,two_tap,26,850187,13530,1,2,17602
72,two_tap,27,850207,13879,2,3,18111
72,two_tap,28,850227,14169,1,1,18632
72,two_tap,29,850247,14426,-2,0,19169
72,two_tap,30,850267,14676,2,2,19714
72,two_tap,31,850287,14888,2,1,20252
72,two_tap,32,850307,15091,1,2,20634
72,two_tap,33,850327,15315,0,0,21518
72,two_tap,34,850347,15510,0,2,22904
72,two_tap,35,850367,15684,0,3,24010
72,two_tap,36,850387,15879,0,1,24908
72,two_tap,37,850407,16018,1,-1,25663
72,two_tap,38,850427,16208,2,0,26227
72,two_tap,39,850447,16381,0,1,27220
72,two_tap,40,850467,16517,1,1,28444
72,two_tap,41,850487,16601,0,1,29629
72,two_tap,42,850507,16734,1,1,30407
72,two_tap,43,850527,16882,1,-1,31248
72,two_tap,44,850547,16960,0,-1,32066
72,two_tap,45,850567,17072,0,-3,32653
72,two_tap,46,850587,17153,-1,0,33531
72,two_tap,47,850607,17192,-2,0,34029
72,two_tap,48,850627,17274,2,-2,34460
72,two_tap,49,850647,17335,0,0,34589
72,two_tap,50,850667,17407,-1,-10,34427
72,two_tap,51,850687,17437,0,-8,34288
72,two_tap,52,850707,17411,0,-4,34768
72,two_tap,53,850727,17429,-2,-4,35377
72,two_tap,54,850747,17522,-1,-1,35943
72,two_tap,55,850767,17691,1,-2,36215
72,two_tap,56,850787,17796,-1,-4,36533
72,two_tap,57,850807,17956,-1,-2,36694
72,two_tap,58,850827,18068,1,-2,36937
72,two_tap,59,850847,18116,0,-2,37171
72,two_tap,60,850867,18251,0,0,37509
72,two_tap,61,850887,18383,1,2,37580
72,two_tap,62,850907,18569,0,-1,37619
72,two_tap,63,850927,18682,1,-1,37707
73,two_tap,0,853927,1,0,0,3
73,two_tap,1,853947,1,1,0,2
73,two_tap,2,853967,2,2,1,3
73,two_tap,3,853987,6,-2,-1,3
73,two_tap,4,854007,160,1,1,146
73,two_tap,5,854027,250,1,1,622
73,two_tap,6,854047,784,2,2,3866
73,two_tap,7,854067,1406,3,5,6419
73,two_tap,8,854087,2322,9,8,8261
73,two_tap,9,854107,3461,7,5,10256
73,two_tap,10,854127,3960,6,4,11127
73,two_tap,11,854147,4521,12,9,11880
73,two_tap,12,854167,5292,18,10,13260
73,two_tap,13,854187,5985,12,13,15167
73,two_tap,14,854207,6712,7,22,15689
73,two_tap,15,854227,7130,5,20,16642
73,two_tap,16,854247,7681,3,26,17534
73,two_tap,17,854267,8297,1,17,18421
73,two_tap,18,854287,8931,1,8,20402
73,two_tap,19,854307,9476,1,3,21814
73,two_tap,20,854327,9983,3,2,22896
73,two_tap,21,854347,10394,1,1,23727
73,two_tap,22,854367,10755,1,2,24209
73,two_tap,23,854387,11037,0,0,24688
73,two_tap,24,854407,11281,0,2,24832
73,two_tap,25,854427,11473,-1,-1,24404
73,two_tap,26,854447,11752,0,0,24243
73,two_tap,27,854467,12078,0,-3,24881
73,two_tap,28,854487,12297,0,-1,26198
73,two_tap,29,854507,12383,0,0,27170
73,two_tap,30,854527,12363,2,0,28126
73,two_tap,31,854547,12494,0,-1,28668
73,two_tap,32,854567,12808,0,-5,29311
73,two_tap,33,854587,13062,1,-5,29927
73,two_tap,34,854607,13170,1,-9,31790
73,two_tap,35,854627,13280,0,-9,34751
73,two_tap,36,854647,13439,1,-4,39398
73,two_tap,37,854667,13531,1,2,41934
73,two_tap,38,854687,13565,0,8,44618
73,two_tap,39,854707,13565,0,14,45846
73,two_tap,40,854727,13604,1,11,47344
73,two_tap,41,854747,13715,2,9,48437
73,two_tap,42,854767,13773,1,5,49544
73,two_tap,43,854787,13804,0,4,51045
73,two_tap,44,854807,13802,0,3,51680
73,two_tap,45,854827,13817,-1,3,52592
73,two_tap,46,854847,13948,0,5,53413
73,two_tap,47,854867,14042,0,7,54356
73,two_tap,48,854887,14121,-1,4,55729
73,two_tap,49,854907,14206,-1,0,56406
73,two_tap,50,854927,14263,-1,1,57026
73,two_tap,51,854947,14337,-1,-1,57571
73,two_tap,52,854967,14403,-1,0,58387
73,two_tap,53,854987,14510,0,0,58863
73,two_tap,54,855007,14571,-1,-2,59272
73,two_tap,55,855027,14645,1,0,59686
73,two_tap,56,855047,14687,-1,1,60418
73,two_tap,57,855067,14729,-1,1,60843
73,two_tap,58,855087,14789,-1,0,61234
73,two_tap,59,855107,14861,3,2,61610
73,two_tap,60,855127,14941,2,1,62018
73,two_tap,61,855147,15015,-3,1,62760
73,two_tap,62,855167,15056,-1,1,63299
73,two_tap,63,855187,15090,1,1,63734
74,two_tap,0,859347,0,-2,-2,-1
74,two_tap,1,859367,4,1,-1,7
74,two_tap,2,859387,5,1,2,254
74,two_tap,3,859407,5,0,1,2186
74,two_tap,4,859427,10,0,0,1810
74,two_tap,5,859447,123,3,1,2233
74,two_tap,6,859467,279,7,5,2508
74,two_tap,7,859487,2050,9,5,3661
74,two_tap,8,859507,3794,8,4,4593
74,two_tap,9,859527,6580,14,8,5120
74,two_tap,10,859547,8888,22,13,6072
74,two_tap,11,859567,10211,12,57,7135
74,two_tap,12,859587,11314,7,39,8912
74,two_tap,13,859607,12412,5,40,10376
74,two_tap,14,859627,13012,4,36,11838
74,two_tap,15,859647,12672,0,9,13161
74,two_tap,16,859667,11600,-2,-11,14190
74,two_tap,17,859687,11534,-2,-21,14892
74,two_tap,18,859707,12107,-1,-13,14953
74,two_tap,19,859727,12596,0,-4,15496
74,two_tap,20,859747,13004,-2,-4,16632
74,two_tap,21,859767,13350,1,-1,18574
74,two_tap,22,859787,13663,-1,15,21390
74,two_tap,23,859807,13695,0,12,25144
74,two_tap,24,859827,13664,2,-6,30468
74,two_tap,25,859847,13560,0,-4,32056
74,two_tap,26,859867,13272,0,-2,33571
74,two_tap,27,859887,13460,1,-3,34675
74,two_tap,28,859907,13932,1,1,35276
74,two_tap,29,859927,14294,1,1,36446
74,two_tap,30,859947,14392,0,-1,37916
74,two_tap,31,859967,14321,0,-1,39016
74,two_tap,32,859987,14336,1,-2,40728
74,two_tap,33,860007,14408,2,1,41619
74,two_tap,34,860027,14603,-1,0,42909
74,two_tap,35,860047,14942,0,-1,43865
74,two_tap,36,860067,15097,0,-1,45177
74,two_tap,37,860087,15410,0,1,46003
74,two_tap,38,860107,15545,1,1,46715
74,two_tap,39,860127,15590,1,2,47585
74,two_tap,40,860147,15526,0,1,47984
74,two_tap,41,860167,15527,-1,0,48703
74,two_tap,42,860187,15970,1,0,49157
74,two_tap,43,860207,16341,-1,0,49520
74,two_tap,44,860227,16569,-1,1,49905
74,two_tap,45,860247,16449,0,-1,50251
74,two_tap,46,860267,16384,1,0,50758
74,two_tap,47,860287,16692,1,0,51489
74,two_tap,48,860307,17274,0,2,51900
74,two_tap,49,860327,17471,0,0,52358
74,two_tap,50,860347,17198,1,-1,53324
74,two_tap,51,860367,16034,0,-1,53945
74,two_tap,52,860387,16137,0,5,54474
74,two_tap,53,860407,16603,0,1,54891
74,two_tap,54,860427,17445,0,1,55562
74,two_tap,55,860447,17617,0,1,55989
74,two_tap,56,860467,17615,1,2,56386
74,two_tap,57,860487,17627,2,3,56753
74,two_tap,58,860507,17752,-1,0,57268
74,two_tap,59,860527,18179,-2,-1,57531
74,two_tap,60,860547,18401,0,1,57831
74,two_tap,61,860567,18642,0,1,58175
74,two_tap,62,860587,18862,0,3,58781
74,two_tap,63,860607,19003,-2,3,59260
75,two_tap,0,864487,7575,19,9,13544
75,two_tap,1,864507,8267,15,13,14505
75,two_tap,2,864527,9269,9,33,15950
75,two_tap,3,864547,9870,5,18,18347
75,two_tap,4,864567,10339,3,2,21953
75,two_tap,5,864587,10887,2,0,21804
75,two_tap,6,864607,11656,1,0,18743
75,two_tap,7,864627,12608,2,1,17985
75,two_tap,8,864647,13394,2,0,18548
75,two_tap,9,864667,13875,0,0,19417
75,two_tap,10,864687,14091,0,-1,20016
75,two_tap,11,864707,14512,1,1,20010
75,two_tap,12,864727,16394,1,0,20590
75,two_tap,13,864747,17608,1,0,22039
75,two_tap,14,864767,18099,0,-3,23480
75,two_tap,15,864787,18514,2,1,24367
75,two_tap,16,864807,18374,1,3,25460
75,two_tap,17,864827,18416,2,0,26054
75,two_tap,18,864847,18786,-1,-1,26506
75,two_tap,19,864867,19399,0,0,27152
75,two_tap,20,864887,19926,-2,0,28533
75,two_tap,21,864907,20203,0,-3,29586
75,two_tap,22,864927,20507,2,0,30156
75,two_tap,23,864947,20144,1,1,30977
75,two_tap,24,864967,19806,0,0,31569
75,two_tap,25,864987,19991,-1,0,32389
75,two_tap,26,865007,20370,0,1,32911
75,two_tap,27,865027,20863,0,-1,33178
75,two_tap,28,865047,21136,2,1,33745
75,two_tap,29,865067,21421,0,0,34391
75,two_tap,30,865087,21606,-1,-1,35773
75,two_tap,31,865107,21900,-1,-1,36817
75,two_tap,32,865127,22108,-1,0,37898
75,two_tap,33,865147,22398,-1,1,38303
75,two_tap,34,865167,22502,0,0,38694
75,two_tap,35,865187,22669,0,0,39067
75,two_tap,36,865207,22805,2,1,39594
75,two_tap,37,865227,23001,0,-2,40511
75,two_tap,38,865247,23131,0,0,41028
75,two_tap,39,865267,23240,-1,-1,41476
75,two_tap,40,865287,23339,0,1,41515
75,two_tap,41,865307,23390,0,0,41619
75,two_tap,42,865327,23474,-1,0,42152
75,two_tap,43,865347,23659,0,0,42652
75,two_tap,44,865367,23757,0,2,43081
75,two_tap,45,865387,23832,-1,0,43730
75,two_tap,46,865407,23910,1,0,44110
75,two_tap,47,865427,23990,-1,-1,44516
75,two_tap,48,865447,24110,0,0,45345
75,two_tap,49,865467,24253,0,-1,46306
75,two_tap,50,865487,24343,0,0,47369
75,two_tap,51,865507,24421,1,1,48144
75,two_tap,52,865527,24469,0,0,49012
75,two_tap,53,865547,24612,0,1,49542
75,two_tap,54,865567,24719,2,2,50355
75,two_tap,55,865587,24788,1,0,51068
75,two_tap,56,865607,24843,0,0,52141
75,two_tap,57,865627,24903,0,0,52810
75,two_tap,58,865647,25020,-1,-1,53372
75,two_tap,59,865667,25089,0,-1,53776
75,two_tap,60,865687,25118,0,-1,54120
75,two_tap,61,865707,25100,1,1,54468
75,two_tap,62,865727,25063,0,0,55020
75,two_tap,63,865747,25010,-1,1,55388
76,two_tap,0,869027,1,0,0,-3
76,two_tap,1,869047,0,-2,0,-3
76,two_tap,2,869067,0,2,-1,-4
76,two_tap,3,869087,0,0,0,-3
76,two_tap,4,869107,1,0,2,-1
76,two_tap,5,869127,0,1,1,0
76,two_tap,6,869147,1,-1,-2,-3
76,two_tap,7,869167,1,0,2,2
76,two_tap,8,869187,1,0,1,0
76,two_tap,9,869207,1,1,1,1
76,two_tap,10,869227,0,0,0,-1
76,two_tap,11,869247,-1,1,-2,0
76,two_tap,12,869267,1,1,1,1
76,two_tap,13,869287,-1,2,0,-2
76,two_tap,14,869307,1,1,0,0
76,two_tap,15,869327,0,-1,0,4
76,two_tap,16,869347,4,0,1,91
76,two_tap,17,869367,37,3,5,1752
76,two_tap,18,869387,1208,11,27,4100
76,two_tap,19,869407,3101,16,23,7244
76,two_tap,20,869427,3890,20,19,9875
76,two_tap,21,869447,4637,21,15,11961
76,two_tap,22,869467,5117,15,22,14282
76,two_tap,23,869487,5753,13,53,15923
76,two_tap,24,869507,6178,11,23,17445
76,two_tap,25,869527,6541,7,5,18796
76,two_tap,26,869547,6880,6,2,19981
76,two_tap,27,869567,7211,3,4,20589
76,two_tap,28,869587,7660,0,3,21560
76,two_tap,29,869607,7926,4,-11,22558
76,two_tap,30,869627,8160,2,-15,23643
76,two_tap,31,869647,8441,-1,-19,24614
76,two_tap,32,869667,8736,-1,-11,25513
76,two_tap,33,869687,8997,2,-5,25796
76,two_tap,34,869707,9227,2,-3,25983
76,two_tap,35,869727,9429,0,0,26194
76,two_tap,36,869747,9619,1,-1,26751
76,two_tap,37,869767,9741,1,0,26957
76,two_tap,38,869787,9925,-1,-2,26865
76,two_tap,39,869807,10148,-1,0,26876
76,two_tap,40,869827,10392,0,-1,27043
76,two_tap,41,869847,10647,2,0,27514
76,two_tap,42,869867,10856,2,-1,28079
76,two_tap,43,869887,11034,0,-3,28443
76,two_tap,44,869907,11194,0,-1,28456
76,two_tap,45,869927,11347,0,1,28713
76,two_tap,46,869947,11453,1,-1,29298
76,two_tap,47,869967,11593,0,0,29777
76,two_tap,48,869987,11719,-1,0,30385
76,two_tap,49,870007,11843,1,2,30710
76,two_tap,50,870027,11959,0,0,30799
76,two_tap,51,870047,12040,0,-2,31148
76,two_tap,52,870067,12174,0,-2,31528
76,two_tap,53,870087,12293,-1,-1,32226
76,two_tap,54,870107,12425,4,1,32918
76,two_tap,55,870127,12507,3,1,33445
76,two_tap,56,870147,12619,2,0,33777
76,two_tap,57,870167,12728,1,0,34264
76,two_tap,58,870187,12852,1,-2,34776
76,two_tap,59,870207,12938,3,-1,35131
76,two_tap,60,870227,13080,1,-1,35569
76,two_tap,61,870247,13225,2,0,36007
76,two_tap,62,870267,13304,0,-1,36346
76,two_tap,63,870287,13397,2,0,36851
77,two_tap,0,874107,1,-1,1,0
77,two_tap,1,874127,0,0,0,0
77,two_tap,2,874147,0,0,-2,0
77,two_tap,3,874167,1,-1,-1,3
77,two_tap,4,874187,4,1,1,4
77,two_tap,5,874207,6,-1,2,10
77,two_tap,6,874227,12,1,0,1588
77,two_tap,7,874247,57,1,2,4978
77,two_tap,8,874267,123,7,8,7057
77,two_tap,9,874287,524,9,8,10873
77,two_tap,10,874307,1150,11,7,14349
77,two_tap,11,874327,2025,22,17,17031
77,two_tap,12,874347,2683,19,33,20327
77,two_tap,13,874367,3267,12,53,23087
77,two_tap,14,874387,3796,8,16,25261
77,two_tap,15,874407,4227,4,5,27436
77,two_tap,16,874427,4522,0,0,29491
77,two_tap,17,874447,4726,0,0,30751
77,two_tap,18,874467,4893,2,1,32364
77,two_tap,19,874487,5054,2,2,33471
77,two_tap,20,874507,4638,0,1,34054
77,two_tap,21,874527,4086,-1,0,33816
77,two_tap,22,874547,3898,0,-3,32515
77,two_tap,23,874567,3776,0,-1,32547
77,two_tap,24,874587,3812,1,-1,34057
77,two_tap,25,874607,3844,-1,-1,36158
77,two_tap,26,874627,3876,-2,0,37177
77,two_tap,27,874647,4042,1,2,38022
77,two_tap,28,874667,4226,-1,-2,38511
77,two_tap,29,874687,4322,0,-1,39305
77,two_tap,30,874707,4218,-2,-2,40130
77,two_tap,31,874727,4118,-2,2,40379
77,two_tap,32,874747,4186,0,0,40287
77,two_tap,33,874767,4560,1,0,40210
77,two_tap,34,874787,4838,0,1,40699
77,two_tap,35,874807,5188,2,1,41197
77,two_tap,36,874827,5436,1,1,41984
77,two_tap,37,874847,5548,0,-1,42711
77,two_tap,38,874867,5670,0,1,43035
77,two_tap,39,874887,5800,0,1,43157
77,two_tap,40,874907,5905,0,-1,43834
77,two_tap,41,874927,6093,-1,-2,44392
77,two_tap,42,874947,6256,0,0,45439
77,two_tap,43,874967,6342,1,1,46144
77,two_tap,44,874987,6434,0,0,47058
77,two_tap,45,875007,6482,0,0,47718
77,two_tap,46,875027,6560,1,0,48003
77,two_tap,47,875047,6603,0,0,48196
77,two_tap,48,875067,6672,-1,-1,48292
77,two_tap,49,875087,6758,0,0,48576
77,two_tap,50,875107,6822,1,1,48752
77,two_tap,51,875127,6922,2,1,49130
77,two_tap,52,875147,6964,0,-1,49433
77,two_tap,53,875167,7025,1,1,49931
77,two_tap,54,875187,7067,-1,3,50193
77,two_tap,55,875207,7127,-1,1,50408
77,two_tap,56,875227,7177,1,0,50513
77,two_tap,57,875247,7234,1,0,50789
77,two_tap,58,875267,7251,0,0,50988
77,two_tap,59,875287,7285,1,0,51439
77,two_tap,60,875307,7311,1,1,51733
77,two_tap,61,875327,7364,0,-2,52108
77,two_tap,62,875347,7411,1,2,52372
77,two_tap,63,875367,7454,0,0,52693
78,two_tap,0,879727,0,1,0,0
78,two_tap,1,879747,0,0,1,0
78,two_tap,2,879767,0,1,0,1
78,two_tap,3,879787,2,1,-1,1
78,two_tap,4,879807,0,1,0,0
78,two_tap,5,879827,0,0,-1,0
78,two_tap,6,879847,-1,0,0,0
78,two_tap,7,879867,-1,0,0,0
78,two_tap,8,879887,0,1,0,1
78,two_tap,9,879907,1,0,2,0
78,two_tap,10,879927,1,1,0,2
78,two_tap,11,879947,0,1,-1,-1
78,two_tap,12,880807,2,0,-1,0
78,two_tap,13,880827,2,0,-1,0
78,two_tap,14,880847,5,1,0,3
78,two_tap,15,880867,22,1,2,14
78,two_tap,16,880887,302,1,0,13
78,two_tap,17,880907,1203,2,3,15
78,two_tap,18,880927,1357,7,4,28
78,two_tap,19,880947,1892,4,3,24
78,two_tap,20,880967,2648,4,3,29
78,two_tap,21,880987,3445,7,1,2945
78,two_tap,22,881007,4126,8,2,4991
78,two_tap,23,881027,4684,27,10,7080
78,two_tap,24,881047,5502,19,25,8135
78,two_tap,25,881067,6028,16,39,9123
78,two_tap,26,881087,6666,13,19,9988
78,two_tap,27,881107,7104,12,7,12083
78,two_tap,28,881127,7694,14,2,14321
78,two_tap,29,881147,8065,15,1,16422
78,two_tap,30,881167,8397,21,2,18169
78,two_tap,31,881187,8760,21,-1,20691
78,two_tap,32,881207,9126,9,1,24276
78,two_tap,33,881227,9463,15,2,30360
78,two_tap,34,881247,9802,20,2,35909
78,two_tap,35,881267,10012,18,-1,38949
78,two_tap,36,881287,10296,19,-1,40529
78,two_tap,37,881307,10476,15,0,42952
78,two_tap,38,881327,10750,3,1,44568
78,two_tap,39,881347,10932,2,0,46697
78,two_tap,40,881367,11047,3,1,47852
78,two_tap,41,881387,11159,5,0,49300
78,two_tap,42,881407,11323,7,1,50249
78,two_tap,43,881427,11425,4,1,51183
78,two_tap,44,881447,11554,-1,-1,52418
78,two_tap,45,881467,11625,0,0,53050
78,two_tap,46,881487,11701,-3,0,53815
78,two_tap,47,881507,11799,-3,-1,54626
78,two_tap,48,881527,11854,-2,1,55843
78,two_tap,49,881547,11902,-2,2,58081
78,two_tap,50,881567,11960,-2,0,59513
78,two_tap,51,881587,12003,-1,2,60673
78,two_tap,52,881607,12053,2,2,61616
78,two_tap,53,881627,12100,0,2,62830
78,two_tap,54,881647,12176,0,2,63733
78,two_tap,55,881667,12213,2,1,64624
78,two_tap,56,881687,12248,3,-1,65322
78,two_tap,57,881707,12287,1,0,65842
78,two_tap,58,881727,12324,-1,1,66787
78,two_tap,59,881747,12384,-3,-1,67819
78,two_tap,60,881767,12417,0,-1,68957
78,two_tap,61,881787,12447,-1,-1,70144
78,two_tap,62,881807,12479,-2,0,71387
78,two_tap,63,881827,12508,-1,1,72602
79,two_tap,0,885287,6,1,0,38
79,two_tap,1,885307,45,3,2,2788
79,two_tap,2,885327,212,7,5,6022
79,two_tap,3,885347,256,8,3,4597
79,two_tap,4,885367,259,9,2,4262
79,two_tap,5,885387,318,10,3,12922
79,two_tap,6,885407,1049,26,9,27712
79,two_tap,7,885427,2419,28,28,47628
79,two_tap,8,885447,3134,25,53,54617
79,two_tap,9,885467,3695,23,37,60841
79,two_tap,10,885487,4336,16,26,67675
79,two_tap,11,885507,4686,10,16,72415
79,two_tap,12,885527,4966,6,7,76419
79,two_tap,13,885547,5166,4,5,79392
79,two_tap,14,885567,5337,2,3,82223
79,two_tap,15,885587,5566,3,3,84588
79,two_tap,16,885607,5859,7,1,86484
79,two_tap,17,885627,6169,5,0,88088
79,two_tap,18,885647,6453,3,0,89476
79,two_tap,19,885667,6700,1,1,90740
79,two_tap,20,885687,6971,2,1,91993
79,two_tap,21,885707,7246,4,2,93213
79,two_tap,22,885727,7485,2,2,94396
79,two_tap,23,885747,7668,1,0,95665
79,two_tap,24,885767,7748,0,0,97192
79,two_tap,25,885787,7895,1,2,97962
79,two_tap,26,885807,8054,3,1,99455
79,two_tap,27,885827,8203,3,3,100843
79,two_tap,28,885847,8327,2,1,102124
79,two_tap,29,885867,8429,2,-2,103227
79,two_tap,30,885887,8479,1,1,103758
79,two_tap,31,885907,8571,0,0,104779
79,two_tap,32,885927,8640,0,0,105765
79,two_tap,33,885947,8704,-2,0,106575
79,two_tap,34,885967,8736,-3,-1,107059
79,two_tap,35,885987,8811,0,1,107148
79,two_tap,36,886007,8881,1,1,107287
79,two_tap,37,886027,8942,1,0,107415
79,two_tap,38,886047,9023,1,0,106930
79,two_tap,39,886067,9072,2,-1,106413
79,two_tap,40,886087,9182,2,0,104846
79,two_tap,41,886107,9286,4,-2,103626
79,two_tap,42,886127,9387,2,-1,103130
79,two_tap,43,886147,9434,1,1,103289
79,two_tap,44,886167,9448,-5,-1,103398
79,two_tap,45,886187,9547,2,-1,103809
79,two_tap,46,886207,9696,10,-1,104300
79,two_tap,47,886227,9846,11,-1,104377
79,two_tap,48,886247,9894,10,1,103736
79,two_tap,49,886267,9961,7,2,103437
79,two_tap,50,886287,10030,1,0,102929
79,two_tap,51,886307,10092,2,0,102890
79,two_tap,52,886327,10105,2,2,103165
79,two_tap,53,886347,10095,2,2,103393
79,two_tap,54,886367,10096,1,1,103532
79,two_tap,55,886387,10116,2,0,103967
79,two_tap,56,886407,10050,-2,1,104376
79,two_tap,57,886427,9902,-5,1,104729
79,two_tap,58,886447,9813,-6,1,105426
79,two_tap,59,886467,9585,-8,1,105773
79,two_tap,60,886487,9346,-10,1,106644
79,two_tap,61,886507,8994,-15,10,108047
79,two_tap,62,886527,8754,-13,21,110032
79,two_tap,63,886547,8325,-13,23,111151
80,idle,0,890787,1,0,0,-1
80,idle,1,890807,0,0,0,2
80,idle,2,890827,1,-1,0,2
80,idle,3,890847,-1,0,0,1
80,idle,4,890867,-1,0,0,0
80,idle,5,890887,0,0,0,0
80,idle,6,890907,0,-1,-2,1
80,idle,7,890927,0,1,-1,-1
80,idle,8,890947,1,0,1,1
80,idle,9,890967,0,0,1,1
80,idle,10,890987,0,0,-2,0
80,idle,11,891007,0,0,1,0
80,idle,12,895127,0,-1,1,1
80,idle,13,895147,1,1,-2,0
80,idle,14,895167,0,-1,-2,0
80,idle,15,895187,0,-1,0,1
80,idle,16,895207,0,0,0,2
80,idle,17,895227,0,-1,-2,0
80,idle,18,895247,0,1,1,-1
80,idle,19,895267,-1,0,0,-1
80,idle,20,895287,0,-1,0,0
80,idle,21,895307,-1,0,-1,1
80,idle,22,895327,-2,0,0,1
80,idle,23,895347,1,-1,0,0
80,idle,24,895367,1,0,1,-1
80,idle,25,895387,-1,0,-2,0
80,idle,26,895407,1,0,0,-1
80,idle,27,895427,1,-1,1,2
80,idle,28,895447,1,1,1,2
80,idle,29,895467,1,2,-1,0
80,idle,30,895487,0,0,1,0
80,idle,31,895507,0,-1,-2,1
80,idle,32,895527,-2,-1,-2,-3
80,idle,33,895547,0,0,1,2
80,idle,34,895567,0,-2,-2,-1
80,idle,35,895587,0,0,0,0
80,idle,36,895607,1,1,1,0
80,idle,37,895627,0,1,1,1
80,idle,38,895647,0,-1,-1,-2
80,idle,39,895667,0,1,0,-1
80,idle,40,895687,0,0,-1,-1
80,idle,41,895707,0,1,-1,1
80,idle,42,895727,1,0,1,0
80,idle,43,895747,-1,1,2,0
80,idle,44,895767,1,1,0,-1
80,idle,45,895787,-1,-1,1,0
80,idle,46,895807,0,0,0,-1
80,idle,47,895827,0,-1,-2,-1
80,idle,48,895847,-1,-1,-1,-2
80,idle,49,895867,-1,-2,0,-1
80,idle,50,895887,0,0,0,0
80,idle,51,895907,0,0,0,1
80,idle,52,895927,0,0,1,1
80,idle,53,895947,-1,-1,0,-1
80,idle,54,895967,-1,-1,-1,-1
80,idle,55,895987,1,0,1,0
80,idle,56,896007,0,0,1,0
80,idle,57,896027,1,1,1,0
80,idle,58,896047,0,1,1,0
80,idle,59,896067,1,-1,-1,0
80,idle,60,896087,0,-1,0,0
80,idle,61,896107,1,0,0,1
80,idle,62,896127,0,-2,0,0
80,idle,63,896147,0,0,-1,-2
81,idle,0,899147,1,0,0,0
81,idle,1,899167,-1,0,1,0
81,idle,2,899187,-1,0,1,1
81,idle,3,899207,0,1,0,0
81,idle,4,899227,-1,-1,0,-1
81,idle,5,899247,1,0,0,0
81,idle,6,899267,1,0,0,0
81,idle,7,899287,0,-2,0,0
81,idle,8,899307,0,-1,0,-1
81,idle,9,899327,0,-1,0,1
81,idle,10,899347,1,0,0,0
81,idle,11,899367,1,1,1,2
81,idle,12,899387,1,2,1,0
81,idle,13,899407,0,0,-1,-1
81,idle,14,899427,1,-2,-1,0
81,idle,15,899447,0,-1,2,1
81,idle,16,899467,1,-1,0,-1
81,idle,17,899487,1,-1,0,0
81,idle,18,899507,0,0,1,0
81,idle,19,899527,0,0,0,-1
81,idle,20,899547,0,-1,0,2
81,idle,21,899567,-1,1,-1,-1
81,idle,22,899587,-1,-1,-1,-1
81,idle,23,899607,0,0,1,-1
81,idle,24,899627,1,1,0,1
81,idle,25,899647,0,0,-1,0
81,idle,26,899667,0,-1,1,0
81,idle,27,899687,1,1,0,1
81,idle,28,899707,-1,0,-1,-1
81,idle,29,899727,0,0,-1,0
81,idle,30,899747,0,0,0,0
81,idle,31,899767,0,1,0,-2
81,idle,32,899787,0,-1,-1,0
81,idle,33,899807,1,-1,-1,0
81,idle,34,899827,2,0,-1,2
81,idle,35,899847,-1,0,-1,-3
81,idle,36,899867,0,0,0,1
81,idle,37,899887,0,-1,-1,1
81,idle,38,899907,1,0,-1,1
81,idle,39,899927,1,-2,0,1
81,idle,40,899947,0,-1,-1,-1
81,idle,41,899967,-1,-1,0,-1
81,idle,42,899987,-2,-2,0,-1
81,idle,43,900007,0,1,1,1
81,idle,44,900027,-1,-1,-2,-1
81,idle,45,900047,-1,0,1,1
81,idle,46,900067,-1,-2,-1,0
81,idle,47,900087,0,-1,0,-1
81,idle,48,900107,1,0,2,0
81,idle,49,900127,1,1,-2,-3
81,idle,50,900147,0,-2,-2,-1
81,idle,51,900167,0,-1,1,2
81,idle,52,900187,0,0,0,1
81,idle,53,900207,0,0,1,0
81,idle,54,900227,0,0,-1,0
81,idle,55,900247,1,1,1,1
81,idle,56,900267,0,-1,1,-1
81,idle,57,900287,0,-1,0,0
81,idle,58,900307,1,0,2,1
81,idle,59,900327,1,-1,2,1
81,idle,60,900347,0,1,1,0
81,idle,61,900367,0,0,0,1
81,idle,62,900387,-1,-1,-2,-3
81,idle,63,900407,-1,0,0,-1
82,idle,0,902927,-1,0,0,-2
82,idle,1,902947,0,-3,-1,-2
82,idle,2,902967,1,1,1,1
82,idle,3,902987,0,1,1,0
82,idle,4,903007,1,-1,-1,-1
82,idle,5,903027,0,1,0,1
82,idle,6,903047,0,-1,-1,0
82,idle,7,903067,0,0,1,1
82,idle,8,903087,0,0,0,-1
82,idle,9,903107,1,1,1,0
82,idle,10,903127,0,0,0,2
82,idle,11,903147,0,-1,-1,-2
82,idle,12,903167,1,0,0,0
82,idle,13,903187,0,1,0,1
82,idle,14,903207,0,0,-1,1
82,idle,15,903227,-1,-2,-1,1
82,idle,16,903247,0,0,0,0
82,idle,17,903267,-1,0,-2,-1
82,idle,18,903287,0,1,2,1
82,idle,19,903307,0,-1,2,0
82,idle,20,903327,0,1,0,-1
82,idle,21,903347,0,1,1,1
82,idle,22,903367,-1,-1,-3,-1
82,idle,23,903387,0,2,1,1
82,idle,24,903407,0,-1,0,0
82,idle,25,903427,0,0,-1,-1
82,idle,26,903447,0,1,-1,0
82,idle,27,903467,0,1,0,0
82,idle,28,903487,-1,-2,-1,-3
82,idle,29,903507,1,0,0,1
82,idle,30,903527,0,0,-2,0
82,idle,31,903547,-2,1,-2,-1
82,idle,32,903567,0,0,1,0
82,idle,33,903587,0,0,3,1
82,idle,34,903607,0,0,0,-1
82,idle,35,903627,0,0,0,0
82,idle,36,903647,0,-1,-1,0
82,idle,37,903667,0,0,1,0
82,idle,38,903687,0,1,0,1
82,idle,39,903707,0,0,-1,-1
82,idle,40,903727,0,1,0,1
82,idle,41,903747,0,-1,0,0
82,idle,42,903767,-1,-1,-2,-2
82,idle,43,903787,1,0,0,-1
82,idle,44,903807,0,0,1,0
82,idle,45,903827,0,0,0,1
82,idle,46,903847,0,0,0,1
82,idle,47,903867,0,0,-1,0
82,idle,48,903887,0,-1,0,-1
82,idle,49,903907,-1,0,-1,-1
82,idle,50,903927,1,-2,-1,1
82,idle,51,903947,1,1,0,1
82,idle,52,903967,-1,0,0,0
82,idle,53,903987,-1,1,1,0
82,idle,54,904007,1,0,0,1
82,idle,55,904027,0,1,0,0
82,idle,56,904047,0,-1,0,-1
82,idle,57,904067,-1,-1,0,-1
82,idle,58,904087,0,1,0,1
82,idle,59,904107,0,0,0,0
82,idle,60,904127,0,0,-1,1
82,idle,61,904147,1,-2,-1,0
82,idle,62,904167,1,1,3,2
82,idle,63,904187,1,0,0,1
83,idle,0,906707,-2,0,0,0
83,idle,1,906727,0,-2,0,2
83,idle,2,906747,0,1,1,1
83,idle,3,906767,-1,0,1,1
83,idle,4,906787,0,2,0,1
83,idle,5,906807,0,-2,-1,-1
83,idle,6,906827,0,-1,-1,0
83,idle,7,906847,0,0,-1,0
83,idle,8,906867,0,0,-1,1
83,idle,9,906887,0,-1,-2,-1
83,idle,10,906907,2,0,0,1
83,idle,11,906927,0,-2,2,1
83,idle,12,906947,0,-1,-1,0
83,idle,13,906967,-1,-1,0,0
83,idle,14,906987,-2,-1,0,-1
83,idle,15,907007,1,0,1,0
83,idle,16,907027,0,-1,0,2
83,idle,17,907047,0,1,1,1
83,idle,18,907067,-1,-2,-2,-2
83,idle,19,907087,-1,1,0,0
83,idle,20,907107,0,1,1,1
83,idle,21,907127,0,1,1,3
83,idle,22,907147,0,1,-1,-2
83,idle,23,907167,1,0,-1,-1
83,idle,24,907187,-1,0,-1,0
83,idle,25,907207,-1,0,-1,-2
83,idle,26,907227,0,0,1,0
83,idle,27,907247,0,0,0,-1
83,idle,28,907267,0,0,2,0
83,idle,29,907287,-1,0,-1,-1
83,idle,30,907307,-1,-1,-2,0
83,idle,31,907327,1,0,-1,2
83,idle,32,907347,0,1,1,1
83,idle,33,907367,0,1,1,1
83,idle,34,907387,0,0,-2,-2
83,idle,35,907407,-1,-1,-1,0
83,idle,36,907427,-1,0,0,0
83,idle,37,907447,0,1,3,1
83,idle,38,907467,0,1,0,2
83,idle,39,907487,0,-2,-2,0
83,idle,40,907507,1,0,1,0
83,idle,41,907527,0,0,1,-1
83,idle,42,907547,0,0,-1,1
83,idle,43,907567,-1,-1,0,0
83,idle,44,907587,0,-1,-1,0
83,idle,45,907607,0,1,2,0
83,idle,46,907627,-1,0,0,-1
83,idle,47,907647,-1,0,-1,-1
83,idle,48,907667,0,0,0,0
83,idle,49,907687,-1,-2,-2,-1
83,idle,50,907707,1,-1,-2,0
83,idle,51,907727,-1,-1,0,0
83,idle,52,907747,0,1,1,0
83,idle,53,907767,-1,0,0,-1
83,idle,54,907787,0,-1,-1,0
83,idle,55,907807,1,1,1,0
83,idle,56,907827,-1,-1,-2,0
83,idle,57,907847,0,0,-1,-2
83,idle,58,907867,0,1,0,0
83,idle,59,907887,0,0,-1,0
83,idle,60,907907,0,1,0,0
83,idle,61,907927,1,-1,0,-1
83,idle,62,907947,-1,0,1,0
83,idle,63,907967,0,1,0,0
84,idle,0,910467,2,1,0,0
84,idle,1,910487,-1,-2,-1,-1
84,idle,2,910507,-1,-1,0,1
84,idle,3,910527,0,2,0,2
84,idle,4,910547,0,-2,0,-2
84,idle,5,910567,1,0,0,0
84,idle,6,910587,0,0,-1,-3
84,idle,7,910607,0,-1,0,0
84,idle,8,910627,1,-1,-1,-1
84,idle,9,910647,0,-1,1,0
84,idle,10,910667,0,0,-2,0
84,idle,11,910687,-2,-1,0,-1
84,idle,12,910707,1,0,1,0
84,idle,13,910727,0,1,0,2
84,idle,14,910747,1,1,1,-1
84,idle,15,910767,1,0,1,-2
84,idle,16,910787,1,0,2,1
84,idle,17,910807,0,0,-2,-1
84,idle,18,910827,0,-1,-2,-1
84,idle,19,910847,1,1,1,0
84,idle,20,910867,-1,0,0,0
84,idle,21,910887,0,-1,0,1
84,idle,22,910907,0,1,-1,-1
84,idle,23,910927,0,1,1,-2
84,idle,24,910947,1,-1,-1,1
84,idle,25,910967,1,0,0,1
84,idle,26,910987,0,1,1,0
84,idle,27,911007,0,0,1,0
84,idle,28,911027,-1,-1,0,0
84,idle,29,911047,0,-1,3,1
84,idle,30,911067,0,1,0,1
84,idle,31,911087,0,0,1,0
84,idle,32,911107,-1,-2,-1,1
84,idle,33,911127,-2,-3,-2,-2
84,idle,34,911147,-1,-1,0,-3
84,idle,35,911167,2,1,2,2
84,idle,36,911187,1,1,-2,2
84,idle,37,911207,1,-1,0,0
84,idle,38,911227,-1,-1,1,0
84,idle,39,911247,0,0,-1,0
84,idle,40,911267,0,1,-1,1
84,idle,41,911287,-1,1,0,0
84,idle,42,911307,0,0,0,1
84,idle,43,911327,0,1,1,0
84,idle,44,911347,-1,-1,-2,0
84,idle,45,911367,1,0,-2,0
84,idle,46,911387,-1,-1,0,-1
84,idle,47,911407,1,-1,1,1
84,idle,48,911427,0,0,-1,-2
84,idle,49,911447,0,1,0,0
84,idle,50,911467,-1,-2,0,0
84,idle,51,911487,1,3,-1,0
84,idle,52,911507,-1,1,1,1
84,idle,53,911527,-1,0,0,1
84,idle,54,911547,1,-2,0,0
84,idle,55,911567,1,1,0,0
84,idle,56,911587,-2,-1,0,0
84,idle,57,911607,0,0,-1,0
84,idle,58,911627,1,1,3,1
84,idle,59,911647,-1,-1,1,0
84,idle,60,911667,0,0,1,1
84,idle,61,911687,-1,2,2,0
84,idle,62,911707,0,0,0,0
84,idle,63,911727,0,0,0,1
85,idle,0,914247,0,-1,0,0
85,idle,1,914267,0,1,0,-1
85,idle,2,914287,0,1,0,1
85,idle,3,914307,1,1,2,2
85,idle,4,914327,1,0,0,1
85,idle,5,914347,0,-1,-1,0
85,idle,6,914367,0,0,0,0
85,idle,7,914387,0,1,1,-1
85,idle,8,914407,0,-1,0,-2
85,idle,9,914427,1,1,1,-1
85,idle,10,914447,0,0,0,-1
85,idle,11,914467,1,2,-1,0
85,idle,12,914487,0,0,1,1
85,idle,13,914507,-1,-1,1,0
85,idle,14,914527,0,0,1,0
85,idle,15,914547,0,-1,-1,-2
85,idle,16,914567,1,0,0,-2
85,idle,17,914587,1,0,-1,-1
85,idle,18,914607,1,2,2,1
85,idle,19,914627,0,0,-1,1
85,idle,20,914647,0,1,-2,-1
85,idle,21,914667,1,0,0,0
85,idle,22,914687,-1,-2,-1,-2
85,idle,23,914707,-1,0,0,1
85,idle,24,914727,1,1,0,-1
85,idle,25,914747,-1,-2,0,-1
85,idle,26,914767,0,0,0,0
85,idle,27,914787,1,-1,0,0
85,idle,28,914807,0,0,-3,1
85,idle,29,914827,1,0,1,1
85,idle,30,914847,-1,0,-1,-1
85,idle,31,914867,0,0,0,-1
85,idle,32,914887,0,-1,1,2
85,idle,33,914907,1,0,1,2
85,idle,34,914927,-1,0,0,0
85,idle,35,914947,0,-1,-1,-1
85,idle,36,914967,-1,1,0,1
85,idle,37,914987,-1,0,1,2
85,idle,38,915007,1,1,-1,1
85,idle,39,915027,0,-1,1,0
85,idle,40,915047,1,1,1,0
85,idle,41,915067,-1,0,0,0
85,idle,42,915087,1,2,2,2
85,idle,43,915107,-1,0,0,0
85,idle,44,915127,0,-1,1,1
85,idle,45,915147,0,-1,0,-1
85,idle,46,915167,0,0,-1,-1
85,idle,47,915187,0,-1,-1,-1
85,idle,48,915207,1,0,0,2
85,idle,49,915227,0,-1,0,0
85,idle,50,915247,0,-1,-1,-1
85,idle,51,915267,0,1,0,-1
85,idle,52,915287,0,0,0,1
85,idle,53,915307,-1,-1,0,1
85,idle,54,915327,0,2,-2,1
85,idle,55,915347,0,-1,0,-1
85,idle,56,915367,0,0,1,1
85,idle,57,915387,-1,-1,-1,0
85,idle,58,915407,0,-1,0,-2
85,idle,59,915427,0,1,2,2
85,idle,60,915447,1,1,2,3
85,idle,61,915467,1,0,-2,0
85,idle,62,915487,0,-1,1,-1
85,idle,63,915507,0,0,-1,0
86,idle,0,917947,0,1,1,0
86,idle,1,917967,0,1,-1,0
86,idle,2,917987,0,-1,-3,-1
86,idle,3,918007,0,0,-1,1
86,idle,4,918027,0,0,-1,-2
86,idle,5,918047,0,1,1,0
86,idle,6,918067,-1,1,0,0
86,idle,7,918087,-1,0,2,0
86,idle,8,918107,0,2,0,0
86,idle,9,918127,-1,-1,-1,-2
86,idle,10,918147,0,-1,-1,-1
86,idle,11,918167,0,0,0,-1
86,idle,12,918187,0,-1,-2,-1
86,idle,13,918207,1,2,0,-1
86,idle,14,918227,-1,2,0,0
86,idle,15,918247,-1,-1,0,-1
86,idle,16,918267,1,1,0,1
86,idle,17,918287,-1,0,1,-1
86,idle,18,918307,0,1,0,0
86,idle,19,918327,1,0,0,0
86,idle,20,918347,-1,0,-1,-2
86,idle,21,918367,0,-2,-1,0
86,idle,22,918387,0,1,-1,0
86,idle,23,918407,1,-1,1,1
86,idle,24,918427,0,0,1,0
86,idle,25,918447,-2,-1,-3,0
86,idle,26,918467,0,0,0,0
86,idle,27,918487,0,-1,1,0
86,idle,28,918507,1,0,2,1
86,idle,29,918527,1,0,0,0
86,idle,30,918547,0,-2,0,0
86,idle,31,918567,2,0,0,1
86,idle,32,918587,1,-1,2,1
86,idle,33,918607,1,1,-1,1
86,idle,34,918627,0,0,0,0
86,idle,35,918647,1,2,1,1
86,idle,36,918667,0,-1,0,-1
86,idle,37,918687,-1,-1,0,-2
86,idle,38,918707,2,1,1,1
86,idle,39,918727,1,1,1,1
86,idle,40,918747,0,1,0,0
86,idle,41,918767,1,2,0,-1
86,idle,42,918787,1,0,0,0
86,idle,43,918807,1,1,0,1
86,idle,44,918827,-1,0,0,0
86,idle,45,918847,-1,-1,-1,0
86,idle,46,918867,0,0,0,0
86,idle,47,918887,0,1,-1,0
86,idle,48,918907,0,0,-1,0
86,idle,49,918927,-1,0,1,0
86,idle,50,918947,0,0,0,0
86,idle,51,918967,1,0,1,0
86,idle,52,918987,0,1,2,1
86,idle,53,919007,0,0,0,0
86,idle,54,919027,0,-2,0,1
86,idle,55,919047,1,0,-2,1
86,idle,56,919067,0,1,0,0
86,idle,57,919087,0,0,-2,-1
86,idle,58,919107,1,2,2,2
86,idle,59,919127,0,0,1,0
86,idle,60,919147,1,0,0,0
86,idle,61,919167,1,0,-1,0
86,idle,62,919187,0,0,0,0
86,idle,63,919207,2,0,0,2
87,idle,0,921707,1,0,0,0
87,idle,1,921727,-1,-2,-2,-2
87,idle,2,921747,-2,-1,0,0
87,idle,3,921767,2,2,1,-1
87,idle,4,921787,1,1,1,1
87,idle,5,921807,0,-1,0,0
87,idle,6,921827,0,-1,-1,-1
87,idle,7,921847,1,3,2,1
87,idle,8,921867,0,-1,0,1
87,idle,9,921887,-1,1,1,1
87,idle,10,921907,-1,-1,-1,0
87,idle,11,921927,-1,-1,1,-1
87,idle,12,921947,1,1,-1,0
87,idle,13,921967,0,1,0,0
87,idle,14,921987,0,0,0,2
87,idle,15,922007,1,1,1,0
87,idle,16,922027,0,0,1,0
87,idle,17,922047,1,1,0,-3
87,idle,18,922067,0,1,-1,0
87,idle,19,922087,0,-1,-2,0
87,idle,20,922107,0,0,2,0
87,idle,21,922127,-1,-1,1,0
87,idle,22,922147,1,1,0,-1
87,idle,23,922167,0,-1,3,3
87,idle,24,922187,0,0,0,2
87,idle,25,922207,0,-2,-1,-1
87,idle,26,922227,0,0,1,0
87,idle,27,922247,0,0,-2,0
87,idle,28,922267,2,0,0,2
87,idle,29,922287,2,0,0,1
87,idle,30,922307,0,-1,-1,-1
87,idle,31,922327,0,0,1,0
87,idle,32,922347,-1,-1,1,-2
87,idle,33,922367,0,-1,0,-2
87,idle,34,922387,1,1,2,-1
87,idle,35,922407,-1,2,0,1
87,idle,36,922427,0,1,0,0
87,idle,37,922447,-1,1,1,0
87,idle,38,922467,0,0,-3,-1
87,idle,39,922487,0,0,0,1
87,idle,40,922507,-1,2,0,1
87,idle,41,922527,1,2,0,1
87,idle,42,922547,0,0,0,0
87,idle,43,922567,0,-1,1,0
87,idle,44,922587,1,2,2,1
87,idle,45,922607,-1,-1,-1,-1
87,idle,46,922627,0,0,-2,-1
87,idle,47,922647,1,0,1,0
87,idle,48,922667,0,-1,-3,-1
87,idle,49,922687,1,1,-1,1
87,idle,50,922707,1,0,0,1
87,idle,51,922727,0,1,0,0
87,idle,52,922747,-2,-2,0,0
87,idle,53,922767,-1,-1,0,2
87,idle,54,922787,0,-1,0,1
87,idle,55,922807,-1,0,0,2
87,idle,56,922827,-1,1,-1,0
87,idle,57,922847,0,-1,0,-1
87,idle,58,922867,-2,0,0,0
87,idle,59,922887,0,0,0,0
87,idle,60,922907,0,0,2,1
87,idle,61,922927,-1,0,-1,-1
87,idle,62,922947,0,1,1,0
87,idle,63,922967,1,0,1,1
88,idle,0,925407,0,0,1,1
88,idle,1,925427,0,0,1,-1
88,idle,2,925447,0,-1,-1,-3
88,idle,3,925467,1,1,0,0
88,idle,4,925487,0,0,-1,0
88,idle,5,925507,-1,-1,0,-1
88,idle,6,925527,0,1,1,1
88,idle,7,925547,-1,0,1,0
88,idle,8,925567,0,1,-1,0
88,idle,9,925587,1,0,0,0
88,idle,10,925607,1,0,2,2
88,idle,11,925627,-1,0,1,0
88,idle,12,925647,0,-2,-1,-2
88,idle,13,925667,0,0,1,0
88,idle,14,925687,1,2,1,-1
88,idle,15,925707,0,1,-3,-2
88,idle,16,925727,0,-1,0,0
88,idle,17,925747,0,-1,1,0
88,idle,18,925767,1,1,1,0
88,idle,19,925787,-2,-3,-2,0
88,idle,20,925807,-1,-1,0,0
88,idle,21,925827,1,1,0,2
88,idle,22,925847,-1,1,-2,-2
88,idle,23,925867,-1,-1,-4,1
88,idle,24,925887,0,-1,0,0
88,idle,25,925907,1,0,2,1
88,idle,26,925927,1,0,1,0
88,idle,27,925947,0,1,1,0
88,idle,28,925967,-1,0,0,0
88,idle,29,925987,0,-1,-1,-1
88,idle,30,926007,1,1,0,2
88,idle,31,926027,0,-2,-1,-2
88,idle,32,926047,0,1,0,0
88,idle,33,926067,-2,0,-1,-1
88,idle,34,926087,0,0,-1,0
88,idle,35,926107,0,1,1,1
88,idle,36,926127,0,2,-1,0
88,idle,37,926147,0,0,-1,1
88,idle,38,926167,-1,-3,0,-1
88,idle,39,926187,1,0,-1,0
88,idle,40,926207,1,3,3,2
88,idle,41,926227,0,1,0,0
88,idle,42,926247,0,-1,0,1
88,idle,43,926267,-1,1,1,0
88,idle,44,926287,0,0,0,0
88,idle,45,926307,1,0,0,0
88,idle,46,926327,0,0,-1,0
88,idle,47,926347,-1,-1,0,2
88,idle,48,926367,0,0,0,0
88,idle,49,926387,0,0,-1,1
88,idle,50,926407,0,0,-1,-1
88,idle,51,926427,0,0,2,0
88,idle,52,926447,0,0,1,-1
88,idle,53,926467,1,-1,0,-1
88,idle,54,926487,1,-1,0,0
88,idle,55,926507,0,-1,0,1
88,idle,56,926527,-1,1,-1,0
88,idle,57,926547,-1,0,1,-1
88,idle,58,926567,0,-1,-1,1
88,idle,59,926587,1,2,1,2
88,idle,60,926607,0,1,0,0
88,idle,61,926627,-1,1,-1,-1
88,idle,62,926647,1,1,0,0
88,idle,63,926667,-1,0,-1,0
89,idle,0,929147,-1,1,0,-2
89,idle,1,929167,-1,-3,-2,-3
89,idle,2,929187,0,0,1,0
89,idle,3,929207,1,0,2,1
89,idle,4,929227,-1,-2,-2,-1
89,idle,5,929247,0,0,0,-1
89,idle,6,929267,0,-1,0,0
89,idle,7,929287,0,1,1,-1
89,idle,8,929307,0,1,0,0
89,idle,9,929327,1,0,0,0
89,idle,10,929347,0,1,1,1
89,idle,11,929367,0,0,0,0
89,idle,12,929387,-1,1,2,0
89,idle,13,929407,0,0,0,1
89,idle,14,929427,0,-1,2,1
89,idle,15,929447,-1,0,0,-1
89,idle,16,929467,0,-1,-1,1
89,idle,17,929487,-1,-1,-1,-1
89,idle,18,929507,0,0,0,1
89,idle,19,929527,0,0,1,0
89,idle,20,929547,-2,1,1,-1
89,idle,21,929567,1,1,-1,0
89,idle,22,929587,0,1,0,0
89,idle,23,929607,-1,0,-1,-1
89,idle,24,929627,0,-1,0,0
89,idle,25,929647,0,-1,0,1
89,idle,26,929667,0,0,-1,-1
89,idle,27,929687,-2,0,1,1
89,idle,28,929707,0,0,2,0
89,idle,29,929727,0,0,-1,0
89,idle,30,929747,0,0,1,1
89,idle,31,929767,-1,0,0,-1
89,idle,32,929787,1,1,0,1
89,idle,33,929807,1,0,1,1
89,idle,34,929827,0,3,-1,1
89,idle,35,929847,0,1,1,1
89,idle,36,929867,0,1,0,0
89,idle,37,929887,-1,-1,-2,0
89,idle,38,929907,-1,-1,0,0
89,idle,39,929927,0,0,0,-1
89,idle,40,929947,0,0,-1,-2
89,idle,41,929967,0,0,0,0
89,idle,42,929987,0,0,0,1
89,idle,43,930007,0,0,1,-2
89,idle,44,930027,0,-2,0,1
89,idle,45,930047,0,0,-1,-1
89,idle,46,930067,0,2,0,0
89,idle,47,930087,-2,-1,0,-1
89,idle,48,930107,0,-2,0,0
89,idle,49,930127,0,-2,0,-1
89,idle,50,930147,1,0,0,-1
89,idle,51,930167,0,1,-1,1
89,idle,52,930187,0,1,0,-1
89,idle,53,930207,0,0,1,2
89,idle,54,930227,0,0,0,0
89,idle,55,930247,0,0,0,-1
89,idle,56,930267,-1,0,0,-1
89,idle,57,930287,-1,0,-2,0
89,idle,58,930307,0,-1,1,1
89,idle,59,930327,0,2,1,0
89,idle,60,930347,0,1,1,2
89,idle,61,930367,0,1,0,0
89,idle,62,930387,-1,-1,-2,0
89,idle,63,930407,0,0,1,0
90,idle,0,933127,0,-1,1,1
90,idle,1,933147,0,0,-1,-1
90,idle,2,933167,-1,1,0,0
90,idle,3,933187,0,-2,-1,0
90,idle,4,933207,0,2,-1,1
90,idle,5,933227,0,2,2,1
90,idle,6,933247,0,-1,-1,-1
90,idle,7,933267,0,-1,-1,1
90,idle,8,933287,0,1,0,-1
90,idle,9,933307,0,1,1,0
90,idle,10,933327,0,1,-1,1
90,idle,11,933347,-1,-1,1,0
90,idle,12,933367,1,1,1,-1
90,idle,13,933387,2,-1,0,-1
90,idle,14,933407,0,0,0,-1
90,idle,15,933427,0,0,1,1
90,idle,16,933447,0,0,0,0
90,idle,17,933467,-2,-1,0,0
90,idle,18,933487,0,1,0,0
90,idle,19,933507,-1,1,1,-1
90,idle,20,933527,1,3,1,2
90,idle,21,933547,0,0,1,2
90,idle,22,933567,1,-2,-3,-1
90,idle,23,933587,1,2,1,2
90,idle,24,933607,0,-1,0,0
90,idle,25,933627,0,0,1,1
90,idle,26,933647,0,1,1,0
90,idle,27,933667,-2,0,0,0
90,idle,28,933687,0,0,-1,0
90,idle,29,933707,1,0,0,-1
90,idle,30,933727,-1,-1,-1,-1
90,idle,31,933747,1,1,0,0
90,idle,32,933767,-1,1,1,1
90,idle,33,933787,1,0,1,-1
90,idle,34,933807,0,0,0,1
90,idle,35,933827,1,0,-1,0
90,idle,36,933847,0,-3,-1,-1
90,idle,37,933867,0,-1,1,1
90,idle,38,933887,0,-1,1,0
90,idle,39,933907,0,-3,-1,-1
90,idle,40,933927,-1,0,1,-1
90,idle,41,933947,0,0,-1,0
90,idle,42,933967,0,-2,-1,-1
90,idle,43,933987,1,1,1,-1
90,idle,44,934007,-1,0,0,0
90,idle,45,934027,0,-2,0,0
90,idle,46,934047,0,-1,1,1
90,idle,47,934067,0,0,0,1
90,idle,48,934087,0,0,-1,0
90,idle,49,934107,1,2,1,0
90,idle,50,934127,2,0,0,0
90,idle,51,934147,1,1,2,1
90,idle,52,934167,0,1,-2,-1
90,idle,53,934187,0,0,1,0
90,idle,54,934207,-1,-2,-1,-1
90,idle,55,934227,0,0,-1,-1
90,idle,56,934247,0,0,0,2
90,idle,57,934267,0,1,1,1
90,idle,58,934287,-1,1,-1,0
90,idle,59,934307,0,0,1,2
90,idle,60,934327,1,1,1,1
90,idle,61,934347,-1,0,2,0
90,idle,62,934367,-1,-1,0,-1
90,idle,63,934387,0,-1,-1,-3
91,idle,0,937087,0,0,0,-1
91,idle,1,937107,-1,-1,-1,0
91,idle,2,937127,-1,0,0,0
91,idle,3,937147,2,1,-1,1
91,idle,4,937167,0,0,-1,-1
91,idle,5,937187,0,0,1,0
91,idle,6,937207,0,1,0,1
91,idle,7,937227,-1,-1,-2,-2
91,idle,8,937247,0,0,0,1
91,idle,9,937267,0,0,1,1
91,idle,10,937287,0,-1,0,0
91,idle,11,937307,0,0,-1,0
91,idle,12,937327,0,0,-1,-1
91,idle,13,937347,-1,-1,0,-1
91,idle,14,937367,0,2,2,-1
91,idle,15,937387,1,1,0,0
91,idle,16,937407,0,1,0,1
91,idle,17,937427,0,1,1,0
91,idle,18,937447,0,1,1,1
91,idle,19,937467,-1,-1,0,0
91,idle,20,937487,1,-1,-1,1
91,idle,21,937507,0,0,-1,-1
91,idle,22,937527,0,2,0,1
91,idle,23,937547,0,0,0,0
91,idle,24,937567,-1,-1,0,0
91,idle,25,937587,-1,0,-1,-1
91,idle,26,937607,0,-1,-1,0
91,idle,27,937627,0,1,0,0
91,idle,28,937647,0,1,0,0
91,idle,29,937667,0,0,-1,1
91,idle,30,937687,-1,-1,-1,-1
91,idle,31,937707,0,1,1,0
91,idle,32,937727,-1,1,0,1
91,idle,33,937747,0,0,0,-1
91,idle,34,937767,0,-1,0,-1
91,idle,35,937787,1,0,2,3
91,idle,36,937807,1,-1,0,-1
91,idle,37,937827,0,1,0,0
91,idle,38,937847,0,-1,1,1
91,idle,39,937867,0,-1,0,-1
91,idle,40,937887,-1,-1,-1,-1
91,idle,41,937907,0,-2,0,1
91,idle,42,937927,2,1,0,2
91,idle,43,937947,-1,1,0,1
91,idle,44,937967,-1,-3,-2,-2
91,idle,45,937987,0,1,1,1
91,idle,46,938007,0,-1,0,-1
91,idle,47,938027,0,1,0,2
91,idle,48,938047,1,-1,0,0
91,idle,49,938067,0,1,0,0
91,idle,50,938087,0,2,0,2
91,idle,51,938107,1,0,0,1
91,idle,52,938127,-2,-1,-1,-1
91,idle,53,938147,0,1,1,1
91,idle,54,938167,0,-1,-2,0
91,idle,55,938187,0,-1,1,1
91,idle,56,938207,0,1,0,1
91,idle,57,938227,-2,0,-1,-2
91,idle,58,938247,1,1,1,0
91,idle,59,938267,1,0,2,2
91,idle,60,938287,0,0,0,1
91,idle,61,938307,0,1,2,2
91,idle,62,938327,-2,0,-3,-1
91,idle,63,938347,-1,0,0,-1
92,idle,0,940767,0,0,-1,-1
92,idle,1,940787,-1,-2,-1,-1
92,idle,2,940807,-1,-2,0,1
92,idle,3,940827,-2,-2,-2,-2
92,idle,4,940847,-1,0,2,0
92,idle,5,940867,1,0,0,1
92,idle,6,940887,0,1,1,1
92,idle,7,940907,0,-1,0,-1
92,idle,8,940927,0,1,1,1
92,idle,9,940947,-1,0,0,0
92,idle,10,940967,-1,1,0,0
92,idle,11,940987,1,1,1,2
92,idle,12,941007,1,2,0,0
92,idle,13,941027,0,1,1,1
92,idle,14,941047,-1,1,-2,0
92,idle,15,941067,1,0,0,1
92,idle,16,941087,0,0,0,1
92,idle,17,941107,1,0,-2,-2
92,idle,18,941127,0,1,-1,0
92,idle,19,941147,0,0,0,0
92,idle,20,941167,0,0,1,2
92,idle,21,941187,0,1,-1,0
92,idle,22,941207,1,1,2,0
92,idle,23,941227,0,2,0,0
92,idle,24,941247,0,0,-1,-1
92,idle,25,941267,0,0,-1,-3
92,idle,26,941287,1,0,0,1
92,idle,27,941307,0,-1,-1,0
92,idle,28,941327,1,1,1,2
92,idle,29,941347,-1,1,-1,0
92,idle,30,941367,0,0,-1,-2
92,idle,31,941387,2,-1,1,-1
92,idle,32,941407,-1,-1,0,-2
92,idle,33,941427,1,0,1,-1
92,idle,34,941447,-1,0,-1,2
92,idle,35,941467,0,0,0,-1
92,idle,36,941487,-1,-1,1,-1
92,idle,37,941507,-1,1,0,0
92,idle,38,941527,0,0,0,1
92,idle,39,941547,0,-2,1,0
92,idle,40,941567,0,0,0,1
92,idle,41,941587,-1,-2,-2,-1
92,idle,42,941607,0,2,1,2
92,idle,43,941627,0,1,0,1
92,idle,44,941647,1,0,-1,-1
92,idle,45,941667,0,-1,-1,-1
92,idle,46,941687,0,1,3,1
92,idle,47,941707,1,0,0,1
92,idle,48,941727,0,0,0,0
92,idle,49,941747,1,0,0,-2
92,idle,50,941767,1,-2,0,0
92,idle,51,941787,0,-1,0,-1
92,idle,52,941807,0,0,1,0
92,idle,53,941827,-1,-1,-1,0
92,idle,54,941847,0,-1,-1,-1
92,idle,55,941867,0,1,0,1
92,idle,56,941887,1,0,0,1
92,idle,57,941907,0,-1,1,-2
92,idle,58,941927,-2,2,2,0
92,idle,59,941947,0,-1,1,0
92,idle,60,941967,0,1,0,0
92,idle,61,941987,1,0,1,0
92,idle,62,942007,1,2,1,1
92,idle,63,942027,0,1,0,1
93,idle,0,944647,0,0,0,2
93,idle,1,944667,1,1,2,-1
93,idle,2,944687,1,0,0,2
93,idle,3,944707,-1,-2,-1,0
93,idle,4,944727,0,1,1,0
93,idle,5,944747,0,0,-1,-1
93,idle,6,944767,1,0,-1,2
93,idle,7,944787,1,0,1,1
93,idle,8,944807,0,-2,0,-1
93,idle,9,944827,0,0,0,0
93,idle,10,944847,1,2,0,0
93,idle,11,944867,0,-1,0,0
93,idle,12,944887,-1,-2,-2,0
93,idle,13,944907,1,3,2,0
93,idle,14,944927,0,0,1,1
93,idle,15,944947,0,0,0,0
93,idle,16,944967,0,0,-1,0
93,idle,17,944987,-1,0,1,-2
93,idle,18,945007,0,-1,1,2
93,idle,19,945027,-2,0,-1,0
93,idle,20,945047,2,1,1,1
93,idle,21,945067,0,0,-1,0
93,idle,22,945087,0,0,1,-2
93,idle,23,945107,0,0,-1,2
93,idle,24,945127,0,0,0,0
93,idle,25,945147,0,0,1,-1
93,idle,26,945167,0,0,1,0
93,idle,27,945187,0,0,-2,0
93,idle,28,945207,0,0,-1,1
93,idle,29,945227,0,0,1,0
93,idle,30,945247,0,-1,0,0
93,idle,31,945267,0,0,0,1
93,idle,32,945287,1,-1,0,0
93,idle,33,945307,0,-2,0,0
93,idle,34,945327,-2,0,0,0
93,idle,35,945347,0,0,0,2
93,idle,36,945367,-1,0,1,1
93,idle,37,945387,1,0,0,-1
93,idle,38,945407,0,0,1,0
93,idle,39,945427,1,-2,1,0
93,idle,40,945447,1,0,1,-1
93,idle,41,945467,-1,-1,0,-1
93,idle,42,945487,0,-1,0,0
93,idle,43,945507,-1,0,-1,-1
93,idle,44,945527,0,-1,1,1
93,idle,45,945547,2,0,1,-1
93,idle,46,945567,1,1,1,0
93,idle,47,945587,-1,0,-1,0
93,idle,48,945607,2,2,4,1
93,idle,49,945627,-1,0,1,0
93,idle,50,945647,1,1,0,0
93,idle,51,945667,0,0,0,-1
93,idle,52,945687,0,2,0,-1
93,idle,53,945707,-1,-2,-1,-1
93,idle,54,945727,-1,0,0,-1
93,idle,55,945747,0,0,0,2
93,idle,56,945767,-1,-2,0,1
93,idle,57,945787,-1,0,1,0
93,idle,58,945807,1,-2,0,0
93,idle,59,945827,0,0,1,-1
93,idle,60,945847,0,1,0,1
93,idle,61,945867,-2,0,-1,-1
93,idle,62,945887,1,1,0,2
93,idle,63,945907,1,1,0,0
94,idle,0,948527,0,0,1,2
94,idle,1,948547,0,0,0,0
94,idle,2,948567,-1,1,0,0
94,idle,3,948587,-1,-1,-1,-1
94,idle,4,948607,-1,-2,-1,-1
94,idle,5,948627,1,0,-2,1
94,idle,6,948647,0,0,0,1
94,idle,7,948667,0,0,0,-1
94,idle,8,948687,0,0,0,1
94,idle,9,948707,0,2,2,-1
94,idle,10,948727,0,4,0,1
94,idle,11,948747,0,0,0,1
94,idle,12,948767,1,1,1,1
94,idle,13,948787,0,-1,1,1
94,idle,14,948807,0,-2,-2,-1
94,idle,15,948827,1,0,0,0
94,idle,16,948847,1,0,0,-1
94,idle,17,948867,-1,-1,0,1
94,idle,18,948887,0,-1,2,1
94,idle,19,948907,1,1,1,2
94,idle,20,948927,0,-1,-1,-2
94,idle,21,948947,-1,-1,1,0
94,idle,22,948967,0,1,-2,-1
94,idle,23,948987,1,1,1,0
94,idle,24,949007,0,1,1,2
94,idle,25,949027,-1,0,0,1
94,idle,26,949047,0,0,-1,0
94,idle,27,949067,0,0,0,2
94,idle,28,949087,1,1,0,2
94,idle,29,949107,0,0,0,1
94,idle,30,949127,1,0,3,1
94,idle,31,949147,0,1,0,0
94,idle,32,949167,-1,2,0,0
94,idle,33,949187,0,1,-1,2
94,idle,34,949207,0,1,0,-1
94,idle,35,949227,1,0,0,-1
94,idle,36,949247,1,0,0,0
94,idle,37,949267,0,-2,-2,2
94,idle,38,949287,-1,-1,-1,-2
94,idle,39,949307,0,1,1,0
94,idle,40,949327,2,1,2,1
94,idle,41,949347,1,-1,0,0
94,idle,42,949367,0,0,0,0
94,idle,43,949387,0,1,0,-1
94,idle,44,949407,-1,1,-1,-1
94,idle,45,949427,1,0,1,2
94,idle,46,949447,0,0,-1,1
94,idle,47,949467,1,1,0,1
94,idle,48,949487,1,0,-2,0
94,idle,49,949507,0,0,0,0
94,idle,50,949527,1,2,0,0
94,idle,51,949547,0,0,1,1
94,idle,52,949567,0,-2,-1,2
94,idle,53,949587,0,0,-1,0
94,idle,54,949607,1,1,0,-1
94,idle,55,949627,0,0,2,0
94,idle,56,949647,2,1,3,2
94,idle,57,949667,0,0,0,-1
94,idle,58,949687,1,0,-1,5
94,idle,59,949707,-1,0,0,0
94,idle,60,949727,-1,-1,1,-1
94,idle,61,949747,1,2,0,1
94,idle,62,949767,0,0,0,0
94,idle,63,949787,0,-1,-1,0
95,idle,0,952227,0,-2,0,0
95,idle,1,952247,-1,0,-2,0
95,idle,2,952267,0,0,-1,0
95,idle,3,952287,-2,0,-1,0
95,idle,4,952307,0,0,-1,-1
95,idle,5,952327,0,-2,1,1
95,idle,6,952347,0,-1,0,0
95,idle,7,952367,0,0,-2,1
95,idle,8,952387,0,-1,1,1
95,idle,9,952407,0,1,1,-1
95,idle,10,952427,-1,0,-1,-1
95,idle,11,952447,1,0,1,2
95,idle,12,952467,0,0,0,-1
95,idle,13,952487,1,0,0,1
95,idle,14,952507,-1,-2,-1,-2
95,idle,15,952527,0,0,-2,1
95,idle,16,952547,1,0,2,1
95,idle,17,952567,-1,1,2,0
95,idle,18,952587,-1,1,-1,-1
95,idle,19,952607,-1,0,1,0
95,idle,20,952627,0,0,1,0
95,idle,21,952647,0,0,0,-2
95,idle,22,952667,0,0,0,0
95,idle,23,952687,2,1,0,0
95,idle,24,952707,1,1,0,1
95,idle,25,952727,0,0,1,-1
95,idle,26,952747,-1,0,-1,0
95,idle,27,952767,0,0,0,1
95,idle,28,952787,0,-1,-2,1
95,idle,29,952807,-1,-1,1,1
95,idle,30,952827,-1,-1,0,0
95,idle,31,952847,1,0,0,0
95,idle,32,952867,2,0,1,2
95,idle,33,952887,0,-1,-1,-1
95,idle,34,952907,0,-2,-2,0
95,idle,35,952927,1,0,-1,0
95,idle,36,952947,1,0,0,1
95,idle,37,952967,0,0,0,-1
95,idle,38,952987,1,-1,0,1
95,idle,39,953007,-1,1,0,0
95,idle,40,953027,0,-2,-2,0
95,idle,41,953047,0,0,-1,0
95,idle,42,953067,0,1,0,0
95,idle,43,953087,0,0,0,0
95,idle,44,953107,0,0,-1,0
95,idle,45,953127,0,0,1,2
95,idle,46,953147,0,0,-2,1
95,idle,47,953167,0,0,0,0
95,idle,48,953187,0,1,0,0
95,idle,49,953207,0,1,2,2
95,idle,50,953227,-1,-1,-1,-2
95,idle,51,953247,1,0,0,0
95,idle,52,953267,0,0,0,-1
95,idle,53,953287,0,-1,-1,-2
95,idle,54,953307,-1,0,-2,-2
95,idle,55,953327,-1,-1,-2,0
95,idle,56,953347,1,1,0,0
95,idle,57,953367,0,-1,1,-1
95,idle,58,953387,-2,0,-1,0
95,idle,59,953407,0,0,1,-1
95,idle,60,953427,0,0,0,1
95,idle,61,953447,0,-2,-2,-1
95,idle,62,953467,1,-1,0,0
95,idle,63,953487,0,-1,-2,0
96,idle,0,955907,0,1,1,0
96,idle,1,955927,-1,-2,-2,-2
96,idle,2,955947,0,0,-1,1
96,idle,3,955967,1,0,-1,-1
96,idle,4,955987,0,0,0,0
96,idle,5,956007,0,0,1,0
96,idle,6,956027,2,0,0,0
96,idle,7,956047,-1,0,-1,1
96,idle,8,956067,0,-1,0,-2
96,idle,9,956087,0,0,0,1
96,idle,10,956107,0,0,0,0
96,idle,11,956127,0,1,1,-1
96,idle,12,956147,0,-1,0,0
96,idle,13,956167,0,-2,-1,0
96,idle,14,956187,-1,0,-2,-1
96,idle,15,956207,1,1,0,-1
96,idle,16,956227,-1,1,1,-1
96,idle,17,956247,0,-1,0,-1
96,idle,18,956267,0,0,-1,-1
96,idle,19,956287,1,1,0,1
96,idle,20,956307,0,1,0,-2
96,idle,21,956327,0,0,0,0
96,idle,22,956347,0,1,-1,0
96,idle,23,956367,-1,0,1,-1
96,idle,24,956387,1,-1,1,0
96,idle,25,956407,0,1,-1,0
96,idle,26,956427,-1,0,0,0
96,idle,27,956447,0,0,0,2
96,idle,28,956467,-1,-1,-2,-1
96,idle,29,956487,1,0,1,0
96,idle,30,956507,1,-1,0,0
96,idle,31,956527,0,-1,0,-1
96,idle,32,956547,0,-1,0,1
96,idle,33,956567,1,0,2,0
96,idle,34,956587,1,0,-1,1
96,idle,35,956607,0,1,0,0
96,idle,36,956627,-1,0,0,1
96,idle,37,956647,0,-1,-1,0
96,idle,38,956667,1,0,0,0
96,idle,39,956687,-1,0,1,0
96,idle,40,956707,0,1,1,0
96,idle,41,956727,0,-1,0,-1
96,idle,42,956747,0,0,-1,-1
96,idle,43,956767,0,2,-2,-2
96,idle,44,956787,0,0,1,0
96,idle,45,956807,1,1,1,2
96,idle,46,956827,1,0,0,0
96,idle,47,956847,0,1,1,1
96,idle,48,956867,0,-1,0,-1
96,idle,49,956887,-4,-1,-3,-1
96,idle,50,956907,0,2,3,1
96,idle,51,956927,0,1,0,2
96,idle,52,956947,0,-1,0,-1
96,idle,53,956967,-1,-1,1,1
96,idle,54,956987,0,1,1,1
96,idle,55,957007,0,1,0,0
96,idle,56,957027,-1,1,1,0
96,idle,57,957047,-1,0,-1,-2
96,idle,58,957067,-1,0,0,0
96,idle,59,957087,-1,0,1,0
96,idle,60,957107,0,0,-1,1
96,idle,61,957127,0,0,0,0
96,idle,62,957147,0,1,2,2
96,idle,63,957167,0,0,-1,-1
97,idle,0,959687,0,1,-1,0
97,idle,1,959707,-1,0,0,-2
97,idle,2,959727,0,-2,-2,0
97,idle,3,959747,2,-1,-1,0
97,idle,4,959767,0,0,0,-2
97,idle,5,959787,0,-1,-1,-1
97,idle,6,959807,1,0,0,-2
97,idle,7,959827,1,0,-1,0
97,idle,8,959847,-1,0,0,-1
97,idle,9,959867,0,-1,-1,0
97,idle,10,959887,0,-1,0,0
97,idle,11,959907,0,1,0,0
97,idle,12,959927,-1,1,0,-1
97,idle,13,959947,0,1,1,2
97,idle,14,959967,0,0,1,-1
97,idle,15,959987,0,0,0,0
97,idle,16,960007,-1,0,0,-1
97,idle,17,960027,0,0,1,0
97,idle,18,960047,0,0,0,0
97,idle,19,960067,0,-1,1,1
97,idle,20,960087,0,1,0,0
97,idle,21,960107,-2,-1,-1,1
97,idle,22,960127,0,1,-1,-1
97,idle,23,960147,-1,0,0,1
97,idle,24,960167,1,0,0,0
97,idle,25,960187,1,1,0,1
97,idle,26,960207,0,-2,0,-1
97,idle,27,960227,1,0,1,0
97,idle,28,960247,1,-1,-2,0
97,idle,29,960267,0,0,1,1
97,idle,30,960287,0,0,1,-1
97,idle,31,960307,0,-1,0,-1
97,idle,32,960327,-2,0,-3,-2
97,idle,33,960347,0,-1,0,1
97,idle,34,960367,0,1,2,0
97,idle,35,960387,0,0,0,0
97,idle,36,960407,0,-1,-1,0
97,idle,37,960427,-2,0,0,0
97,idle,38,960447,0,-1,-2,-1
97,idle,39,960467,0,0,-1,1
97,idle,40,960487,0,1,0,-2
97,idle,41,960507,-1,0,0,0
97,idle,42,960527,1,-1,-1,1
97,idle,43,960547,0,0,0,0
97,idle,44,960567,0,1,-1,-1
97,idle,45,960587,0,0,1,1
97,idle,46,960607,-1,1,1,-1
97,idle,47,960627,-2,-1,0,-2
97,idle,48,960647,1,-1,-2,0
97,idle,49,960667,1,-1,-1,1
97,idle,50,960687,-2,-1,0,0
97,idle,51,960707,0,0,-1,-1
97,idle,52,960727,0,0,0,0
97,idle,53,960747,0,1,1,0
97,idle,54,960767,-1,-2,-1,-1
97,idle,55,960787,0,0,0,0
97,idle,56,960807,-1,-1,1,1
97,idle,57,960827,-1,0,0,0
97,idle,58,960847,1,-1,0,-1
97,idle,59,960867,-2,-2,-1,-1
97,idle,60,960887,0,-1,-1,0
97,idle,61,960907,0,0,2,1
97,idle,62,960927,1,1,0,0
97,idle,63,960947,-1,1,0,1
98,idle,0,963367,1,-1,0,0
98,idle,1,963387,0,0,-1,0
98,idle,2,963407,1,0,1,-1
98,idle,3,963427,1,1,1,1
98,idle,4,963447,-1,1,0,1
98,idle,5,963467,0,0,0,0
98,idle,6,963487,-1,0,0,0
98,idle,7,963507,0,1,1,-1
98,idle,8,963527,0,-2,-1,-1
98,idle,9,963547,0,1,1,1
98,idle,10,963567,-1,-2,1,1
98,idle,11,963587,0,0,-1,-1
98,idle,12,963607,0,0,1,1
98,idle,13,963627,-1,-1,-1,1
98,idle,14,963647,-1,-1,0,-2
98,idle,15,963667,-1,1,2,0
98,idle,16,963687,1,-1,0,1
98,idle,17,963707,-1,1,0,-1
98,idle,18,963727,2,-1,0,2
98,idle,19,963747,0,1,2,1
98,idle,20,963767,1,0,1,-1
98,idle,21,963787,-1,0,0,-1
98,idle,22,963807,1,-2,-2,0
98,idle,23,963827,0,2,2,0
98,idle,24,963847,0,1,0,1
98,idle,25,963867,0,0,1,0
98,idle,26,963887,1,0,0,0
98,idle,27,963907,0,-1,-2,0
98,idle,28,963927,1,-1,-1,0
98,idle,29,963947,0,0,0,-1
98,idle,30,963967,0,0,1,-1
98,idle,31,963987,0,1,1,0
98,idle,32,964007,0,1,1,-1
98,idle,33,964027,0,-1,-1,1
98,idle,34,964047,0,0,0,1
98,idle,35,964067,0,0,1,0
98,idle,36,964087,-1,0,-1,0
98,idle,37,964107,-1,-1,0,0
98,idle,38,964127,1,0,0,0
98,idle,39,964147,-1,1,0,-1
98,idle,40,964167,0,-1,-1,0
98,idle,41,964187,0,0,0,2
98,idle,42,964207,0,-2,-1,-2
98,idle,43,964227,-1,-1,-2,-1
98,idle,44,964247,-1,1,-1,0
98,idle,45,964267,-1,-1,0,0
98,idle,46,964287,1,-1,0,0
98,idle,47,964307,0,-1,-1,-1
98,idle,48,964327,1,-1,1,0
98,idle,49,964347,1,0,-1,-1
98,idle,50,964367,-1,1,0,0
98,idle,51,964387,0,0,0,-1
98,idle,52,964407,-1,0,1,-1
98,idle,53,964427,0,0,-2,0
98,idle,54,964447,1,-3,-1,0
98,idle,55,964467,1,-1,1,-1
98,idle,56,964487,0,0,0,0
98,idle,57,964507,-1,0,1,-1
98,idle,58,964527,0,1,0,0
98,idle,59,964547,1,0,0,0
98,idle,60,964567,-1,-2,0,-2
98,idle,61,964587,-1,1,0,-1
98,idle,62,964607,1,3,-1,0
98,idle,63,964627,0,1,1,1
99,idle,0,967487,0,0,0,0
99,idle,1,967507,0,1,0,1
99,idle,2,967527,-1,0,0,-3
99,idle,3,967547,1,1,-1,0
99,idle,4,967567,0,1,1,1
99,idle,5,967587,0,1,1,2
99,idle,6,967607,0,-1,-1,-2
99,idle,7,967627,0,-1,0,0
99,idle,8,967647,-1,-1,0,-1
99,idle,9,967667,0,-1,1,-1
99,idle,10,967687,1,2,0,0
99,idle,11,967707,0,1,0,0
99,idle,12,967727,0,0,-1,0
99,idle,13,967747,0,-1,0,-1
99,idle,14,967767,0,0,0,1
99,idle,15,967787,1,-1,0,0
99,idle,16,967807,-1,0,0,-1
99,idle,17,967827,-2,-1,-1,-1
99,idle,18,967847,-1,0,1,1
99,idle,19,967867,1,0,0,-1
99,idle,20,967887,0,0,2,1
99,idle,21,967907,1,0,0,-1
99,idle,22,967927,1,0,0,1
99,idle,23,967947,0,-1,-1,0
99,idle,24,967967,0,0,0,0
99,idle,25,967987,-1,0,0,1
99,idle,26,968007,0,1,-2,1
99,idle,27,968027,2,0,-2,-1
99,idle,28,968047,1,0,0,0
99,idle,29,968067,-1,1,0,0
99,idle,30,968087,1,1,0,2
99,idle,31,968107,0,0,1,1
99,idle,32,968127,0,0,1,-1
99,idle,33,968147,1,-1,1,-1
99,idle,34,968167,-1,1,-1,-2
99,idle,35,968187,0,1,1,-1
99,idle,36,968207,0,0,0,-2
99,idle,37,968227,0,-1,-1,-1
99,idle,38,968247,-1,-3,-1,-1
99,idle,39,968267,0,1,1,1
99,idle,40,968287,0,1,-1,0
99,idle,41,968307,0,2,1,1
99,idle,42,968327,0,0,-1,-1
99,idle,43,968347,0,0,0,-1
99,idle,44,968367,0,0,1,0
99,idle,45,968387,0,0,0,1
99,idle,46,968407,0,-1,-2,-1
99,idle,47,968427,-1,0,1,-1
99,idle,48,968447,0,-1,0,-1
99,idle,49,968467,0,1,-1,0
99,idle,50,968487,0,0,1,0
99,idle,51,968507,0,0,1,-1
99,idle,52,968527,0,0,-1,1
99,idle,53,968547,-2,-1,0,0
99,idle,54,968567,-1,0,0,-1
99,idle,55,968587,2,2,0,-1
99,idle,56,968607,2,1,3,2
99,idle,57,968627,0,1,1,0
99,idle,58,968647,1,0,0,0
99,idle,59,968667,-1,-2,0,-1
99,idle,60,968687,-1,-3,-1,-1
99,idle,61,968707,1,1,1,1
99,idle,62,968727,0,1,-1,1
99,idle,63,968747,0,0,0,0
100,two_tap,0,1497027,1,2,2,8
100,two_tap,1,1497047,0,1,1,8
100,two_tap,2,1497067,0,1,1,5
100,two_tap,3,1497087,-1,-2,0,0
100,two_tap,4,1497107,2,0,0,3
100,two_tap,5,1497127,1,-3,0,-2
100,two_tap,6,1497147,0,1,0,-1
100,two_tap,7,1497167,0,0,-1,-1
100,two_tap,8,1497187,0,1,1,1
100,two_tap,9,1497207,0,-1,-1,1
100,two_tap,10,1497227,0,-1,-1,1
100,two_tap,11,1500827,-1,-1,-2,-1
100,two_tap,12,1500847,0,0,1,1
100,two_tap,13,1500867,1,2,1,1
100,two_tap,14,1500887,-1,0,2,0
100,two_tap,15,1500907,0,0,1,-1
100,two_tap,16,1500927,1,2,1,1
100,two_tap,17,1500947,-1,-1,0,0
100,two_tap,18,1500967,0,-2,1,1
100,two_tap,19,1500987,0,0,0,0
100,two_tap,20,1501007,-1,-2,1,0
100,two_tap,21,1501027,-1,-1,-1,-1
100,two_tap,22,1501047,-1,0,-1,1
100,two_tap,23,1501067,1,1,3,2
100,two_tap,24,1501087,-1,0,-1,-1
100,two_tap,25,1501107,2,1,1,-1
100,two_tap,26,1501127,0,0,1,2
100,two_tap,27,1501147,0,0,1,1
100,two_tap,28,1501167,0,-1,0,2
100,two_tap,29,1501187,3,1,2,4
100,two_tap,30,1501207,127,1,1,584
100,two_tap,31,1501227,5512,3,0,5600
100,two_tap,32,1501247,7297,7,3,15256
100,two_tap,33,1501267,9628,22,17,21411
100,two_tap,34,1501287,11859,17,53,25008
100,two_tap,35,1501307,13595,14,44,30179
100,two_tap,36,1501327,14595,5,21,35271
100,two_tap,37,1501347,16417,3,15,39119
100,two_tap,38,1501367,17898,1,7,43075
100,two_tap,39,1501387,20381,0,3,48812
100,two_tap,40,1501407,21643,1,2,52518
100,two_tap,41,1501427,22668,2,2,57233
100,two_tap,42,1501447,23662,0,1,60352
100,two_tap,43,1501467,24659,0,-1,63094
100,two_tap,44,1501487,25516,-1,-1,66506
100,two_tap,45,1501507,26166,-2,-1,68914
100,two_tap,46,1501527,26632,1,1,70651
100,two_tap,47,1501547,26976,-1,0,71707
100,two_tap,48,1501567,27356,-1,-1,72342
100,two_tap,49,1501587,27707,0,-1,72861
100,two_tap,50,1501607,28046,0,0,73408
100,two_tap,51,1501627,28332,0,1,73900
100,two_tap,52,1501647,28576,1,0,74292
100,two_tap,53,1501667,28809,1,0,74543
100,two_tap,54,1501687,28916,0,-1,74642
100,two_tap,55,1501707,29250,-1,0,74706
100,two_tap,56,1501727,29567,0,0,74751
100,two_tap,57,1501747,29817,-1,-1,74850
100,two_tap,58,1501767,30033,0,-3,74869
100,two_tap,59,1501787,30271,0,-1,74894
100,two_tap,60,1501807,30539,0,0,74943
100,two_tap,61,1501827,30848,-1,0,75098
100,two_tap,62,1501847,31173,0,-1,75263
100,two_tap,63,1501867,31326,0,-1,75382
101,two_tap,0,1505987,0,0,-1,0
101,two_tap,1,1506007,-2,-2,-2,-2
101,two_tap,2,1506027,1,0,1,2
101,two_tap,3,1506047,1,0,1,0
101,two_tap,4,1506067,0,-1,-1,0
101,two_tap,5,1506087,0,-2,-1,0
101,two_tap,6,1506107,2,0,0,1
101,two_tap,7,1506127,7,0,1,552
101,two_tap,8,1506147,1707,10,6,19844
101,two_tap,9,1506167,4860,28,32,25966
101,two_tap,10,1506187,8404,21,5,0
101,two_tap,11,1512927,-1,0,0,0
101,two_tap,12,1512947,1,-1,0,0
101,two_tap,13,1512967,1,2,-1,0
101,two_tap,14,1512987,0,1,1,2
101,two_tap,15,1513007,0,0,-1,0
101,two_tap,16,1513027,0,0,0,-1
101,two_tap,17,1513047,1,1,1,-1
101,two_tap,18,1513067,-1,-1,1,-1
101,two_tap,19,1513087,-1,1,1,-1
101,two_tap,20,1513107,0,1,-1,2
101,two_tap,21,1513127,0,1,0,2
101,two_tap,22,1513147,0,-1,-2,0
101,two_tap,23,1513167,0,0,0,0
101,two_tap,24,1513187,-1,0,1,-2
101,two_tap,25,1513207,0,0,2,0
101,two_tap,26,1513227,0,0,0,1
101,two_tap,27,1513247,0,0,-2,0
101,two_tap,28,1513267,-1,0,3,3
101,two_tap,29,1513287,0,-1,1,8
101,two_tap,30,1513307,10,-1,-1,510
101,two_tap,31,1513327,781,5,1,3972
101,two_tap,32,1513347,5392,12,5,7094
101,two_tap,33,1513367,10686,28,60,10186
101,two_tap,34,1513387,17274,20,51,12242
101,two_tap,35,1513407,20670,10,25,15031
101,two_tap,36,1513427,24859,5,10,18061
101,two_tap,37,1513447,28643,4,4,20378
101,two_tap,38,1513467,31179,2,3,24062
101,two_tap,39,1513487,34348,1,0,26992
101,two_tap,40,1513507,36301,3,2,31670
101,two_tap,41,1513527,38534,0,0,34586
101,two_tap,42,1513547,42316,1,0,36729
101,two_tap,43,1513567,44801,1,-1,38929
101,two_tap,44,1513587,46803,1,-1,42506
101,two_tap,45,1513607,48458,0,-1,46754
101,two_tap,46,1513627,50027,0,2,49931
101,two_tap,47,1513647,51365,0,0,52030
101,two_tap,48,1513667,51881,-1,-1,53814
101,two_tap,49,1513687,52803,-1,1,55973
101,two_tap,50,1513707,53462,1,1,57059
101,two_tap,51,1513727,54002,0,1,59113
101,two_tap,52,1513747,54555,-1,0,60883
101,two_tap,53,1513767,54804,-2,0,62298
101,two_tap,54,1513787,55403,0,-1,63409
101,two_tap,55,1513807,56014,0,0,63945
101,two_tap,56,1513827,56558,0,0,65019
101,two_tap,57,1513847,56831,0,0,66368
101,two_tap,58,1513867,57199,-1,-1,67023
101,two_tap,59,1513887,57675,-1,-1,69252
101,two_tap,60,1513907,57889,1,0,71350
101,two_tap,61,1513927,58260,-1,-1,72210
101,two_tap,62,1513947,58547,0,-1,73475
101,two_tap,63,1513967,58680,0,-1,74505
102,two_tap,0,1517907,0,1,0,1
102,two_tap,1,1517927,1,0,0,0
102,two_tap,2,1517947,0,0,-1,2
102,two_tap,3,1517967,-1,-1,1,0
102,two_tap,4,1517987,0,-1,-1,1
102,two_tap,5,1518007,0,-1,0,0
102,two_tap,6,1518027,1,-1,-2,0
102,two_tap,7,1518047,0,-1,1,1
102,two_tap,8,1518067,0,0,1,2
102,two_tap,9,1518087,0,-2,-1,0
102,two_tap,10,1518107,-2,-1,-1,-2
102,two_tap,11,1519047,0,2,1,2
102,two_tap,12,1519067,1,1,0,0
102,two_tap,13,1519087,1,0,-1,0
102,two_tap,14,1519107,0,0,2,1
102,two_tap,15,1519127,-1,-1,0,-2
102,two_tap,16,1519147,1,1,1,1
102,two_tap,17,1519167,0,0,0,0
102,two_tap,18,1519187,1,-1,0,0
102,two_tap,19,1519207,-1,1,0,1
102,two_tap,20,1519227,-2,-1,-3,-2
102,two_tap,21,1519247,-2,0,-2,-1
102,two_tap,22,1519267,0,-1,-1,-1
102,two_tap,23,1519287,-1,2,3,1
102,two_tap,24,1519307,-1,0,-1,-1
102,two_tap,25,1519327,0,0,2,0
102,two_tap,26,1519347,1,1,1,0
102,two_tap,27,1519367,1,1,1,0
102,two_tap,28,1519387,-1,-1,0,1
102,two_tap,29,1519407,0,0,-1,2
102,two_tap,30,1519427,1,2,0,0
102,two_tap,31,1519447,0,0,-2,-1
102,two_tap,32,1519467,0,1,0,0
102,two_tap,33,1519487,0,0,-1,2
102,two_tap,34,1519507,-1,-1,0,-1
102,two_tap,35,1519527,0,-1,0,-1
102,two_tap,36,1519547,1,0,-1,1
102,two_tap,37,1519567,0,1,0,4
102,two_tap,38,1519587,0,-1,1,6
102,two_tap,39,1519607,1,0,0,2516
102,two_tap,40,1519627,5,1,0,3100
102,two_tap,41,1519647,840,6,4,5657
102,two_tap,42,1519667,9371,26,64,9738
102,two_tap,43,1519687,14397,17,47,13754
102,two_tap,44,1519707,19817,10,24,17535
102,two_tap,45,1519727,24489,7,10,22768
102,two_tap,46,1519747,30121,3,5,27027
102,two_tap,47,1519767,33233,2,3,36228
102,two_tap,48,1519787,36463,2,1,39433
102,two_tap,49,1519807,40778,2,0,42181
102,two_tap,50,1519827,43420,3,1,45602
102,two_tap,51,1519847,46197,2,0,49246
102,two_tap,52,1519867,47360,3,3,52422
102,two_tap,53,1519887,49502,1,1,55141
102,two_tap,54,1519907,51564,1,2,56977
102,two_tap,55,1519927,53392,1,0,57663
102,two_tap,56,1519947,55116,0,0,58767
102,two_tap,57,1519967,56633,1,1,60129
102,two_tap,58,1519987,57216,1,-1,61802
102,two_tap,59,1520007,58424,1,0,62458
102,two_tap,60,1520027,59146,0,-1,63041
102,two_tap,61,1520047,59984,-1,-2,63266
102,two_tap,62,1520067,60264,0,-2,63955
102,two_tap,63,1520087,60963,-1,-1,64457
